cycle,cycle_dir,analyte_id,analyte_column,sex,age_group,race_ethnicity,n_unweighted,n_weighted,pct_below_lod,weighted,weight_column,p5,p10,p25,p50,p75,p90,p95
I,2015_2016,n_pfoa,LBXNFOA,all,12-19,all,353,28742791.005893,0.0028328611898017,True,WTSB2YR,0.6,0.7,0.9,1.2,1.6,2.0,2.4717945195702873
I,2015_2016,n_pfoa,LBXNFOA,all,12-19,hispanic,130,6997824.27094,0.0,True,WTSB2YR,0.5,0.6,0.7,0.9,1.2,1.6057238541012633,1.8
I,2015_2016,n_pfoa,LBXNFOA,all,12-19,nh_asian,39,1377664.71959,0.0,True,WTSB2YR,0.41415817092772417,0.6,0.8316712800458879,1.7,2.2989229455669724,3.807318158402442,8.92272528894103
I,2015_2016,n_pfoa,LBXNFOA,all,12-19,nh_black,67,3407447.6515,0.0,True,WTSB2YR,0.5,0.6,0.8,1.0,1.415135520011154,2.300797453004822,2.724713961629866
I,2015_2016,n_pfoa,LBXNFOA,all,12-19,nh_white,98,15658118.155892,0.01020408163265306,True,WTSB2YR,0.7,0.7,1.1,1.3,1.6598887788213028,2.0,2.4
I,2015_2016,n_pfoa,LBXNFOA,all,20-39,all,549,79256108.838349,0.014571948998178506,True,WTSB2YR,0.3,0.4,0.9,1.4,2.0,2.8,3.479671459432971
I,2015_2016,n_pfoa,LBXNFOA,all,20-39,hispanic,169,16550408.021005,0.005917159763313609,True,WTSB2YR,0.3,0.42744834515055435,0.7185509855176824,1.2,1.8,2.5,2.7
I,2015_2016,n_pfoa,LBXNFOA,all,20-39,nh_asian,70,5248054.9008760005,0.0,True,WTSB2YR,0.6,0.7389730534068685,1.0741503179319998,1.7,2.2,3.3260809078468263,6.0
I,2015_2016,n_pfoa,LBXNFOA,all,20-39,nh_black,123,10067450.671602001,0.04065040650406504,True,WTSB2YR,0.12054639914444625,0.3,0.6,1.0,1.5,2.555315162804643,3.4178335155060573
I,2015_2016,n_pfoa,LBXNFOA,all,20-39,nh_white,160,43958961.62981,0.0125,True,WTSB2YR,0.3,0.40275623211553935,1.0,1.4,2.1,3.0,3.8075699480212832
I,2015_2016,n_pfoa,LBXNFOA,all,20-39,other,27,3431233.6150559997,0.0,True,WTSB2YR,0.5045737791361433,0.6,1.0460889014097894,1.4,1.782992337165971,2.4572843360455803,2.702392725729337
I,2015_2016,n_pfoa,LBXNFOA,all,40-59,all,555,81222986.922307,0.005405405405405406,True,WTSB2YR,0.5,0.7,1.1,1.6,2.4,3.3,3.8
I,2015_2016,n_pfoa,LBXNFOA,all,40-59,hispanic,160,12426200.795291,0.00625,True,WTSB2YR,0.3462044336547865,0.5,0.7358976601743715,1.4,2.0,2.939762484938316,3.7244909052970745
I,2015_2016,n_pfoa,LBXNFOA,all,40-59,nh_asian,70,4616352.381093999,0.0,True,WTSB2YR,0.5910938219833148,0.727145260556395,1.1516669701779718,1.6946654973394144,2.4,3.5120729953504317,4.5
I,2015_2016,n_pfoa,LBXNFOA,all,40-59,nh_black,148,9166387.196807,0.006756756756756757,True,WTSB2YR,0.3,0.6,1.0,1.6,2.2977404388584555,3.3,3.789542014772724
I,2015_2016,n_pfoa,LBXNFOA,all,40-59,nh_white,152,51452850.669078,0.006578947368421052,True,WTSB2YR,0.5433622181906925,0.8312235545722003,1.1,1.7307655688647452,2.4811248684980676,3.461691005421005,3.8375959175718415
I,2015_2016,n_pfoa,LBXNFOA,all,40-59,other,25,3561195.880037,0.0,True,WTSB2YR,0.5,1.1260461690898695,1.3,1.7,1.8,3.2884157846365394,3.8
I,2015_2016,n_pfoa,LBXNFOA,all,60_plus,all,536,62574289.962322995,0.007462686567164179,True,WTSB2YR,0.5,0.8,1.4,2.1,2.8,4.1,5.119557784938887
I,2015_2016,n_pfoa,LBXNFOA,all,60_plus,hispanic,170,5302997.298882,0.0058823529411764705,True,WTSB2YR,0.627411006502881,0.8,1.2,1.6,2.3,3.1390779918577327,4.008155345320762
I,2015_2016,n_pfoa,LBXNFOA,all,60_plus,nh_asian,41,2781940.777012,0.0,True,WTSB2YR,0.3,0.5,0.8972708705793198,1.852251188812656,2.6667461851814096,3.8473849080828013,4.615258594498003
I,2015_2016,n_pfoa,LBXNFOA,all,60_plus,nh_black,101,5428775.014383999,0.0,True,WTSB2YR,0.5523095647242409,0.7869056623418337,1.4,2.0359920997593166,3.2,4.692464977663202,6.4
I,2015_2016,n_pfoa,LBXNFOA,all,60_plus,nh_white,209,46494281.672055006,0.009569377990430622,True,WTSB2YR,0.5499616687693927,0.8,1.5,2.2,2.8922145030116986,4.4,5.500621748422718
I,2015_2016,n_pfoa,LBXNFOA,all,all_ages,all,1993,251796176.728872,0.008028098344204716,True,WTSB2YR,0.4,0.6,1.0,1.5,2.4,3.3,4.1
I,2015_2016,n_pfoa,LBXNFOA,all,all_ages,hispanic,629,41277430.386118,0.0047694753577106515,True,WTSB2YR,0.4,0.5,0.8,1.2,1.8,2.6,3.1
I,2015_2016,n_pfoa,LBXNFOA,all,all_ages,nh_asian,220,14024012.778572,0.0,True,WTSB2YR,0.4094304675369264,0.6,1.0,1.7,2.3,3.7052441184408402,4.660380138560855
I,2015_2016,n_pfoa,LBXNFOA,all,all_ages,nh_black,439,28070060.534293003,0.01366742596810934,True,WTSB2YR,0.3,0.5,0.8,1.3568714611478792,2.1,3.3,3.926365484084107
I,2015_2016,n_pfoa,LBXNFOA,all,all_ages,nh_white,619,157564212.126835,0.009693053311793215,True,WTSB2YR,0.45993396212353144,0.7,1.1,1.7,2.5,3.4,4.4
I,2015_2016,n_pfoa,LBXNFOA,all,all_ages,other,86,10860460.903053999,0.011627906976744186,True,WTSB2YR,0.5019387364214095,0.7,1.1,1.5,1.9,3.2288196933479107,3.8
I,2015_2016,n_pfoa,LBXNFOA,female,12-19,all,159,13241298.308639001,0.0,True,WTSB2YR,0.5,0.6,0.7,1.0,1.4,2.0,2.3
I,2015_2016,n_pfoa,LBXNFOA,female,12-19,hispanic,62,3320681.6672730003,0.0,True,WTSB2YR,0.3434395838378989,0.5,0.6,0.8,1.0,1.4211316937591956,1.7614048758872713
I,2015_2016,n_pfoa,LBXNFOA,female,12-19,nh_black,29,1613688.629108,0.0,True,WTSB2YR,0.5,0.6,0.793124485961375,0.8860740763851003,1.2616432202120735,2.5,3.2426170449389637
I,2015_2016,n_pfoa,LBXNFOA,female,12-19,nh_white,41,7159442.8358539995,0.0,True,WTSB2YR,0.650636361770021,0.7,0.9,1.229460347674257,1.5,2.0323478791691545,2.1989792723364356
I,2015_2016,n_pfoa,LBXNFOA,female,20-39,all,279,39891209.352501,0.017921146953405017,True,WTSB2YR,0.2,0.3,0.6,1.0,1.5,2.4,3.1356486167645965
I,2015_2016,n_pfoa,LBXNFOA,female,20-39,hispanic,81,8115226.920485,0.012345679012345678,True,WTSB2YR,0.14852705650398002,0.3131162510715948,0.5,0.8,1.2,1.671285596962799,2.429060899445866
I,2015_2016,n_pfoa,LBXNFOA,female,20-39,nh_asian,32,2564784.07949,0.0,True,WTSB2YR,0.3,0.6,0.9490727079058522,1.4449052023797848,2.3,3.5811262825029613,5.40656921611473
I,2015_2016,n_pfoa,LBXNFOA,female,20-39,nh_black,72,5665138.134535999,0.05555555555555555,True,WTSB2YR,0.07,0.2,0.4,0.7773679892556237,1.1,1.5,1.9600280441458615
I,2015_2016,n_pfoa,LBXNFOA,female,20-39,nh_white,83,22087273.745704,0.0,True,WTSB2YR,0.27356219962907435,0.38154872739042445,0.6,1.066381966279718,1.6,2.68717059682142,3.8999480480017468
I,2015_2016,n_pfoa,LBXNFOA,female,40-59,all,308,41357318.546508,0.003246753246753247,True,WTSB2YR,0.4,0.6,0.9,1.3,2.1,3.042974302636783,4.120145309530477
I,2015_2016,n_pfoa,LBXNFOA,female,40-59,hispanic,95,6171876.5962189995,0.0,True,WTSB2YR,0.4,0.5,0.6,0.9,1.7,2.7071147713506596,4.895582907352909
I,2015_2016,n_pfoa,LBXNFOA,female,40-59,nh_asian,37,2480785.0020250003,0.0,True,WTSB2YR,0.5169256974877418,0.696736573597461,1.2,1.5924195052369448,2.1,2.8401812698105644,3.3591920499646384
I,2015_2016,n_pfoa,LBXNFOA,female,40-59,nh_black,93,5191054.809218001,0.010752688172043012,True,WTSB2YR,0.3,0.4,0.8,1.2,1.9019490954248994,3.1296029838923554,3.98247760710591
I,2015_2016,n_pfoa,LBXNFOA,female,40-59,nh_white,72,25350748.998661,0.0,True,WTSB2YR,0.45626770304442266,0.8079777771730952,1.0,1.3056336966195885,2.3,3.296394083161222,4.159229333469026
I,2015_2016,n_pfoa,LBXNFOA,female,60_plus,all,283,34443876.600986004,0.007067137809187279,True,WTSB2YR,0.3,0.6843215047366199,1.3,2.1,2.892685754297954,4.106891054028431,6.74276972963938
I,2015_2016,n_pfoa,LBXNFOA,female,60_plus,hispanic,100,3016024.7727549993,0.0,True,WTSB2YR,0.7,0.8,1.1,1.6,2.3,3.6470121668784317,4.886084535858315
I,2015_2016,n_pfoa,LBXNFOA,female,60_plus,nh_asian,21,1504672.714996,0.0,True,WTSB2YR,0.40064115583738064,0.5,0.7285810220363529,2.0478607993047104,2.6492516914845314,3.3446750668704373,4.183065662239196
I,2015_2016,n_pfoa,LBXNFOA,female,60_plus,nh_black,51,3233426.994988,0.0,True,WTSB2YR,0.6,0.922839198388799,1.4,2.1997405075411436,3.7458316078163585,5.8937366773798905,7.587292093176922
I,2015_2016,n_pfoa,LBXNFOA,female,60_plus,nh_white,101,25328671.523330998,0.009900990099009901,True,WTSB2YR,0.2885770953428787,0.7,1.4,2.1,2.9,4.403675152562361,7.676458000331941
I,2015_2016,n_pfoa,LBXNFOA,female,all_ages,all,1029,128933702.808634,0.007774538386783284,True,WTSB2YR,0.3,0.5,0.8,1.3,2.1,3.3,4.1
I,2015_2016,n_pfoa,LBXNFOA,female,all_ages,hispanic,338,20623809.956731997,0.0029585798816568047,True,WTSB2YR,0.3,0.4,0.6,0.9,1.5,2.2335040810564073,3.1295761245437634
I,2015_2016,n_pfoa,LBXNFOA,female,all_ages,nh_asian,109,7224909.184446001,0.0,True,WTSB2YR,0.33525403157730416,0.6,0.908560274768879,1.5568550535359027,2.3,3.080930680266306,3.8621302803434996
I,2015_2016,n_pfoa,LBXNFOA,female,all_ages,nh_black,245,15703308.56785,0.02040816326530612,True,WTSB2YR,0.2,0.3,0.6748226105266973,1.1,1.9,3.1500077553580916,4.2
I,2015_2016,n_pfoa,LBXNFOA,female,all_ages,nh_white,297,79926137.10355,0.003367003367003367,True,WTSB2YR,0.4,0.5,0.9,1.4,2.4,3.4,4.5574995954416595
I,2015_2016,n_pfoa,LBXNFOA,female,all_ages,other,40,5455537.996056,0.025,True,WTSB2YR,0.4,0.5764485499699792,0.8022618840674147,1.4135138623338754,1.7088086189357814,2.8884426690160554,3.519499295641778
I,2015_2016,n_pfoa,LBXNFOA,male,12-19,all,194,15501492.697254,0.005154639175257732,True,WTSB2YR,0.7,0.8,1.0,1.3,1.7,2.0,2.620148642250404
I,2015_2016,n_pfoa,LBXNFOA,male,12-19,hispanic,68,3677142.603667,0.0,True,WTSB2YR,0.6,0.6775914809276228,0.9,1.0,1.4,1.7,1.861989815703445
I,2015_2016,n_pfoa,LBXNFOA,male,12-19,nh_asian,20,702997.331655,0.0,True,WTSB2YR,0.9014327259855216,1.2,1.5192694906192246,1.9451314895228593,3.16365089118526,6.486215521316996,12.092344560795231
I,2015_2016,n_pfoa,LBXNFOA,male,12-19,nh_black,38,1793759.0223919998,0.0,True,WTSB2YR,0.4951819882217597,0.6336407413651627,0.8276441188012874,1.1580901940294692,1.4982495394739057,1.7,2.5922789853468378
I,2015_2016,n_pfoa,LBXNFOA,male,12-19,nh_white,57,8498675.320038,0.017543859649122806,True,WTSB2YR,0.7089916123903528,0.9594350121273282,1.2,1.4547553829101487,1.8,2.0,2.4466008132464006
I,2015_2016,n_pfoa,LBXNFOA,male,20-39,all,270,39364899.485848,0.011111111111111112,True,WTSB2YR,0.7,0.9688718413597243,1.3,1.7,2.3,3.0,3.5076112449988917
I,2015_2016,n_pfoa,LBXNFOA,male,20-39,hispanic,88,8435181.10052,0.0,True,WTSB2YR,0.6019569761969223,0.9,1.2,1.6,2.3,2.6303215802806568,3.0
I,2015_2016,n_pfoa,LBXNFOA,male,20-39,nh_asian,38,2683270.8213859997,0.0,True,WTSB2YR,0.8,0.9,1.2227730659570193,1.7710134253755965,2.159190198672368,3.160983803752859,6.13958739086938
I,2015_2016,n_pfoa,LBXNFOA,male,20-39,nh_black,51,4402312.5370660005,0.0196078431372549,True,WTSB2YR,0.6,0.7,1.0,1.4395477777061272,2.354882231822583,3.4778997963559215,3.839216722709828
I,2015_2016,n_pfoa,LBXNFOA,male,20-39,nh_white,77,21871687.884106003,0.025974025974025976,True,WTSB2YR,0.9452511096026877,1.0,1.3,1.7927090474192646,2.4,3.225353595322794,3.632886995033927
I,2015_2016,n_pfoa,LBXNFOA,male,40-59,all,247,39865668.375799,0.008097165991902834,True,WTSB2YR,0.5864181026856949,0.9,1.3,2.0,2.607714340980105,3.5,3.8
I,2015_2016,n_pfoa,LBXNFOA,male,40-59,hispanic,65,6254324.199072,0.015384615384615385,True,WTSB2YR,0.2,0.7,1.1,1.5,2.3,3.030134957078612,3.196585593248588
I,2015_2016,n_pfoa,LBXNFOA,male,40-59,nh_asian,33,2135567.379069,0.0,True,WTSB2YR,0.6214283396009864,0.971378126801246,1.1,2.051537328646679,2.9214979370493754,4.5,6.109350245319211
I,2015_2016,n_pfoa,LBXNFOA,male,40-59,nh_black,55,3975332.3875889997,0.0,True,WTSB2YR,0.8979828922892357,1.2424148765418972,1.6,2.0,2.6,3.539328150366721,3.6483921406016853
I,2015_2016,n_pfoa,LBXNFOA,male,40-59,nh_white,80,26102101.670417003,0.0125,True,WTSB2YR,0.6319863719131433,0.868549588762109,1.316001640232553,2.1,2.7,3.5,3.6002583054651986
I,2015_2016,n_pfoa,LBXNFOA,male,60_plus,all,253,28130413.361337,0.007905138339920948,True,WTSB2YR,0.7,1.0,1.5,2.1,2.7652096787352614,4.1,5.058276004581807
I,2015_2016,n_pfoa,LBXNFOA,male,60_plus,hispanic,70,2286972.526127,0.014285714285714285,True,WTSB2YR,0.3830162350927971,0.7711710160297262,1.3,1.7,2.3,2.859679587082539,3.332570369354162
I,2015_2016,n_pfoa,LBXNFOA,male,60_plus,nh_asian,20,1277268.062016,0.0,True,WTSB2YR,0.16346545282501632,0.3683429148520733,0.9,1.2880301534820433,2.528910245030401,4.3105913168610375,9.919297576855692
I,2015_2016,n_pfoa,LBXNFOA,male,60_plus,nh_black,50,2195348.019396,0.0,True,WTSB2YR,0.34668443981520747,0.6862611939136378,1.3759823331685812,2.0,2.8941835476477493,3.463122120357969,4.7435837641946215
I,2015_2016,n_pfoa,LBXNFOA,male,60_plus,nh_white,108,21165610.148724,0.009259259259259259,True,WTSB2YR,0.8,1.062235920673662,1.6,2.3,2.8087541842894477,4.454788773083226,5.1
I,2015_2016,n_pfoa,LBXNFOA,male,all_ages,all,964,122862473.920238,0.008298755186721992,True,WTSB2YR,0.7,0.9,1.3,1.8,2.5,3.3,4.0
I,2015_2016,n_pfoa,LBXNFOA,male,all_ages,hispanic,291,20653620.429385997,0.006872852233676976,True,WTSB2YR,0.6,0.8,1.1,1.4571344592711566,2.1,2.7,3.1
I,2015_2016,n_pfoa,LBXNFOA,male,all_ages,nh_asian,111,6799103.594126001,0.0,True,WTSB2YR,0.624822647504439,0.9,1.1,1.8,2.4410281220506693,4.407359404492729,6.555866899025699
I,2015_2016,n_pfoa,LBXNFOA,male,all_ages,nh_black,194,12366751.966443,0.005154639175257732,True,WTSB2YR,0.6,0.8,1.1761382476803093,1.6,2.5,3.404725180998267,3.666524759837639
I,2015_2016,n_pfoa,LBXNFOA,male,all_ages,nh_white,322,77638075.023285,0.015527950310559006,True,WTSB2YR,0.7,1.0,1.3,1.9,2.6,3.4,4.172071334413292
I,2015_2016,n_pfoa,LBXNFOA,male,all_ages,other,46,5404922.906998,0.0,True,WTSB2YR,0.9424685526402664,1.0704321728145922,1.2,1.7102424578938626,1.9808368371353797,3.607766155040203,3.941926327963294
I,2015_2016,n_pfos,LBXNFOS,all,12-19,all,353,28742791.005893,0.0028328611898017,True,WTSB2YR,0.8,1.0,1.5,2.078991572122195,3.1,4.4,5.1
I,2015_2016,n_pfos,LBXNFOS,all,12-19,hispanic,130,6997824.27094,0.0,True,WTSB2YR,0.8,0.8,1.1,1.5,2.2,2.9902528197908356,3.4834623600334185
I,2015_2016,n_pfos,LBXNFOS,all,12-19,nh_asian,39,1377664.71959,0.0,True,WTSB2YR,0.7449042002146715,0.9368827068113023,1.8168933034756412,2.3,4.7,6.965604025938655,8.43384060682121
I,2015_2016,n_pfos,LBXNFOS,all,12-19,nh_black,67,3407447.6515,0.0,True,WTSB2YR,0.7,0.9,1.5,1.9,2.8,3.6559906319732747,6.234072656266756
I,2015_2016,n_pfos,LBXNFOS,all,12-19,nh_white,98,15658118.155892,0.01020408163265306,True,WTSB2YR,0.8837773496969343,1.1804462090066767,1.7602850271072523,2.3,3.40133161862978,4.4,5.077812018042038
I,2015_2016,n_pfos,LBXNFOS,all,20-39,all,549,79256108.838349,0.01092896174863388,True,WTSB2YR,0.6,0.9,1.5,2.5,4.2,6.9,8.289425055689232
I,2015_2016,n_pfos,LBXNFOS,all,20-39,hispanic,169,16550408.021005,0.005917159763313609,True,WTSB2YR,0.7,0.9,1.4,2.3,3.5,5.288271817333914,7.7
I,2015_2016,n_pfos,LBXNFOS,all,20-39,nh_asian,70,5248054.9008760005,0.014285714285714285,True,WTSB2YR,0.6446721918837099,0.9852228478532326,1.9509649139570986,3.091828261999667,5.389499337728785,9.992191436668119,15.930263470894621
I,2015_2016,n_pfos,LBXNFOS,all,20-39,nh_black,123,10067450.671602001,0.024390243902439025,True,WTSB2YR,0.3307889988303854,0.7015485456164806,1.5,2.7,4.949422187336504,6.625946000772017,8.634140237262661
I,2015_2016,n_pfos,LBXNFOS,all,20-39,nh_white,160,43958961.62981,0.00625,True,WTSB2YR,0.6,0.966504985682433,1.5,2.5,4.3,6.86082747853345,8.215166672882964
I,2015_2016,n_pfos,LBXNFOS,all,20-39,other,27,3431233.6150559997,0.0,True,WTSB2YR,0.7372712410159475,0.8716702466458455,1.5,2.5493466803713725,5.432836076487193,6.8422933276798314,8.850746835378498
I,2015_2016,n_pfos,LBXNFOS,all,40-59,all,555,81222986.922307,0.0036036036036036037,True,WTSB2YR,0.977205707706799,1.3,2.208245748157183,3.5,5.383665537029292,9.1,12.697541380461647
I,2015_2016,n_pfos,LBXNFOS,all,40-59,hispanic,160,12426200.795291,0.0,True,WTSB2YR,0.7104736170514219,0.9023125740257417,1.678996601473151,3.2,4.8,7.511385095729222,9.768084749731134
I,2015_2016,n_pfos,LBXNFOS,all,40-59,nh_asian,70,4616352.381093999,0.0,True,WTSB2YR,0.8764006172802874,1.644555158921158,2.3,5.309061900263007,11.84321041237314,23.798460855691783,30.866776132938142
I,2015_2016,n_pfos,LBXNFOS,all,40-59,nh_black,148,9166387.196807,0.006756756756756757,True,WTSB2YR,0.8093349383936849,1.3,2.5,4.426615432593589,8.510904679907716,15.399572939729865,22.05108052313054
I,2015_2016,n_pfos,LBXNFOS,all,40-59,nh_white,152,51452850.669078,0.006578947368421052,True,WTSB2YR,1.007518069814243,1.3929900516538012,2.3,3.4,5.030120534282766,8.25357065664028,10.397175452162681
I,2015_2016,n_pfos,LBXNFOS,all,40-59,other,25,3561195.880037,0.0,True,WTSB2YR,1.9998510549999398,2.2573893526453586,3.703431322285771,4.1,4.293130724247437,6.865286052606526,9.206476177161184
I,2015_2016,n_pfos,LBXNFOS,all,60_plus,all,536,62574289.962322995,0.0037313432835820895,True,WTSB2YR,1.2,1.8765706542866218,3.2,5.3,8.1,13.402660510659885,19.609802394229472
I,2015_2016,n_pfos,LBXNFOS,all,60_plus,hispanic,170,5302997.298882,0.0058823529411764705,True,WTSB2YR,1.1414365320983175,2.0,3.0,4.7,7.014251488511294,11.100931081332442,15.608598239949892
I,2015_2016,n_pfos,LBXNFOS,all,60_plus,nh_asian,41,2781940.777012,0.0,True,WTSB2YR,0.6188164306318313,1.0,2.6755086951565596,7.480677467036127,22.522166138246615,42.91078046261142,57.3103687923708
I,2015_2016,n_pfos,LBXNFOS,all,60_plus,nh_black,101,5428775.014383999,0.0,True,WTSB2YR,1.3582043533626385,2.2995748654864725,4.056940318298481,7.3467121232960055,11.40391654754899,27.289190937123387,33.73858434181175
I,2015_2016,n_pfos,LBXNFOS,all,60_plus,nh_white,209,46494281.672055006,0.0,True,WTSB2YR,1.4329985568305421,1.9072425724489364,3.2,5.3,7.8,11.843652837306882,17.946903236300003
I,2015_2016,n_pfos,LBXNFOS,all,all_ages,all,1993,251796176.728872,0.0055193176116407425,True,WTSB2YR,0.8,1.2,1.9,3.2,5.567071647408263,8.9,12.84456633483677
I,2015_2016,n_pfos,LBXNFOS,all,all_ages,hispanic,629,41277430.386118,0.003179650238473768,True,WTSB2YR,0.8,0.9,1.4604194648977409,2.5,4.2,6.8,9.122921579333147
I,2015_2016,n_pfos,LBXNFOS,all,all_ages,nh_asian,220,14024012.778572,0.004545454545454545,True,WTSB2YR,0.8,1.0,2.1,3.8,8.702692203607414,21.468660244058036,33.26997309003521
I,2015_2016,n_pfos,LBXNFOS,all,all_ages,nh_black,439,28070060.534293003,0.009111617312072893,True,WTSB2YR,0.6141945882074065,1.1,1.9,3.4,6.7,12.207681227017526,19.261954414389816
I,2015_2016,n_pfos,LBXNFOS,all,all_ages,nh_white,619,157564212.126835,0.004846526655896607,True,WTSB2YR,0.9,1.2785313502985276,2.1,3.4,5.66802765845809,8.6,11.444817114159322
I,2015_2016,n_pfos,LBXNFOS,all,all_ages,other,86,10860460.903053999,0.011627906976744186,True,WTSB2YR,0.8716971000257367,1.3169165546933446,2.2,4.07215218296705,5.137572665423641,7.5,9.5
I,2015_2016,n_pfos,LBXNFOS,female,12-19,all,159,13241298.308639001,0.0,True,WTSB2YR,0.7700716150945544,0.8,1.2,1.8,2.304268298506265,3.5,4.608746706645578
I,2015_2016,n_pfos,LBXNFOS,female,12-19,hispanic,62,3320681.6672730003,0.0,True,WTSB2YR,0.5654392847910747,0.8,0.9502800686381201,1.3,1.8,2.3,2.5706495254066795
I,2015_2016,n_pfos,LBXNFOS,female,12-19,nh_black,29,1613688.629108,0.0,True,WTSB2YR,0.7,0.8262718177278804,1.3,1.8134753147387543,2.4,4.009348496702248,6.55831052386668
I,2015_2016,n_pfos,LBXNFOS,female,12-19,nh_white,41,7159442.8358539995,0.0,True,WTSB2YR,0.8,1.0340486901659767,1.4,1.9,2.7,3.5,4.424516041138823
I,2015_2016,n_pfos,LBXNFOS,female,20-39,all,279,39891209.352501,0.017921146953405017,True,WTSB2YR,0.5,0.7,1.2,1.7,2.7,3.930968117411915,5.964569854250091
I,2015_2016,n_pfos,LBXNFOS,female,20-39,hispanic,81,8115226.920485,0.012345679012345678,True,WTSB2YR,0.5,0.7295424824638553,1.0,1.6,2.6361016141350717,3.0,4.9841218185245735
I,2015_2016,n_pfos,LBXNFOS,female,20-39,nh_asian,32,2564784.07949,0.03125,True,WTSB2YR,0.2,0.6297592549463972,1.4577733631440206,2.3138866137195477,6.011608511711451,16.220922877708972,28.001665354024702
I,2015_2016,n_pfos,LBXNFOS,female,20-39,nh_black,72,5665138.134535999,0.027777777777777776,True,WTSB2YR,0.18141315131888824,0.5385527065315576,1.1510433215372986,1.8,2.9,3.9194022652432547,4.6192200913493435
I,2015_2016,n_pfos,LBXNFOS,female,20-39,nh_white,83,22087273.745704,0.012048192771084338,True,WTSB2YR,0.5743747110366104,0.7115690949156107,1.2,1.703677083938803,2.5,3.8,4.495596443524783
I,2015_2016,n_pfos,LBXNFOS,female,40-59,all,308,41357318.546508,0.003246753246753247,True,WTSB2YR,0.8,1.0,1.6,2.9,4.26369468676139,8.1,8.994483815177414
I,2015_2016,n_pfos,LBXNFOS,female,40-59,hispanic,95,6171876.5962189995,0.0,True,WTSB2YR,0.6059748319714479,0.8110996363440861,1.2,1.8404082864410636,3.6833708907168194,4.840852107176152,6.367466478179603
I,2015_2016,n_pfos,LBXNFOS,female,40-59,nh_asian,37,2480785.0020250003,0.0,True,WTSB2YR,1.1390270989983868,1.7452085168686564,2.355757452357159,4.274617180689372,13.191814254901916,23.327172092815875,48.342059647733166
I,2015_2016,n_pfos,LBXNFOS,female,40-59,nh_black,93,5191054.809218001,0.010752688172043012,True,WTSB2YR,0.5405070839032028,1.1,1.9,3.125323926186569,4.8,9.153720037240433,11.778166297230715
I,2015_2016,n_pfos,LBXNFOS,female,40-59,nh_white,72,25350748.998661,0.0,True,WTSB2YR,0.9,1.055315318402574,1.6,2.8565604335919157,3.9761686099340174,8.1,8.81076928813839
I,2015_2016,n_pfos,LBXNFOS,female,60_plus,all,283,34443876.600986004,0.0035335689045936395,True,WTSB2YR,1.1,1.5,2.6456787814393596,4.4,7.181214338957157,11.719581626423393,18.654213573978353
I,2015_2016,n_pfos,LBXNFOS,female,60_plus,hispanic,100,3016024.7727549993,0.0,True,WTSB2YR,1.1360196245359,1.7,2.7,4.058847519222528,5.943143609376224,8.982264094490203,14.535041588031056
I,2015_2016,n_pfos,LBXNFOS,female,60_plus,nh_asian,21,1504672.714996,0.0,True,WTSB2YR,0.7549814882347121,1.0,2.5418348727484696,7.857956631852183,22.910131808174825,41.65846696454263,57.3751466334581
I,2015_2016,n_pfos,LBXNFOS,female,60_plus,nh_black,51,3233426.994988,0.0,True,WTSB2YR,1.6119699129543108,2.2626605724626376,3.5491296984580916,6.890338032675286,10.567368930989401,19.71214184156253,27.530939661216404
I,2015_2016,n_pfos,LBXNFOS,female,60_plus,nh_white,101,25328671.523330998,0.0,True,WTSB2YR,1.1819293873570442,1.5329913669698676,2.5,4.229902249684571,6.599202876713762,9.249795256538386,15.399553532042969
I,2015_2016,n_pfos,LBXNFOS,female,all_ages,all,1029,128933702.808634,0.006802721088435374,True,WTSB2YR,0.7,0.9,1.4,2.5,4.3,7.5,10.1
I,2015_2016,n_pfos,LBXNFOS,female,all_ages,hispanic,338,20623809.956731997,0.0029585798816568047,True,WTSB2YR,0.6145177012783551,0.8,1.1,1.8,3.0,5.145579990263512,6.8
I,2015_2016,n_pfos,LBXNFOS,female,all_ages,nh_asian,109,7224909.184446001,0.009174311926605505,True,WTSB2YR,0.6,0.9,2.0,3.390370584325153,10.108590192728501,23.250277691974926,36.43253546548632
I,2015_2016,n_pfos,LBXNFOS,female,all_ages,nh_black,245,15703308.56785,0.012244897959183673,True,WTSB2YR,0.5,0.8543129464514222,1.5,2.6140038443068185,4.711056206197233,8.795903081897247,12.207699982776345
I,2015_2016,n_pfos,LBXNFOS,female,all_ages,nh_white,297,79926137.10355,0.003367003367003367,True,WTSB2YR,0.7,1.0517297963934205,1.5,2.6,4.3,7.2,8.73025981213836
I,2015_2016,n_pfos,LBXNFOS,female,all_ages,other,40,5455537.996056,0.025,True,WTSB2YR,0.6987561595295684,0.8728008983972043,1.5,3.8,4.262421090448892,6.002259906098889,7.668317158277894
I,2015_2016,n_pfos,LBXNFOS,male,12-19,all,194,15501492.697254,0.005154639175257732,True,WTSB2YR,1.0,1.2,1.8,2.4508956193075324,3.5,4.7380521245371545,5.826974763411493
I,2015_2016,n_pfos,LBXNFOS,male,12-19,hispanic,68,3677142.603667,0.0,True,WTSB2YR,0.9816964348704789,1.1,1.3,1.7,2.4298894610093913,3.3763777536419965,3.79994665191067
I,2015_2016,n_pfos,LBXNFOS,male,12-19,nh_asian,20,702997.331655,0.0,True,WTSB2YR,1.1644809365247786,1.5918931654487432,2.193758432023655,3.1,5.2170872131584565,8.19263366053951,9.650300906360176
I,2015_2016,n_pfos,LBXNFOS,male,12-19,nh_black,38,1793759.0223919998,0.0,True,WTSB2YR,0.7953898019459996,0.9512916036137018,1.593818638730772,1.9,2.908530231296762,3.455505778792915,6.046617869776794
I,2015_2016,n_pfos,LBXNFOS,male,12-19,nh_white,57,8498675.320038,0.017543859649122806,True,WTSB2YR,1.1585621617523385,1.6,1.9347762047889183,2.88987318092746,4.191595345538476,4.936256872668458,5.9196069146401395
I,2015_2016,n_pfos,LBXNFOS,male,20-39,all,270,39364899.485848,0.003703703703703704,True,WTSB2YR,1.1001505118228805,1.6,2.3,3.6,5.7,7.952412193654653,9.160047266140753
I,2015_2016,n_pfos,LBXNFOS,male,20-39,hispanic,88,8435181.10052,0.0,True,WTSB2YR,1.4,1.5,2.2,2.9,4.2,7.073821739940233,8.2
I,2015_2016,n_pfos,LBXNFOS,male,20-39,nh_asian,38,2683270.8213859997,0.0,True,WTSB2YR,1.0116281272461363,1.1,2.1773159987171815,3.2782673806042615,5.134899165495008,7.9616567699603085,9.80985377709347
I,2015_2016,n_pfos,LBXNFOS,male,20-39,nh_black,51,4402312.5370660005,0.0196078431372549,True,WTSB2YR,1.5546380370249469,2.1834515081652284,2.746683329277596,5.0,6.4,8.957287659766553,10.876624806494961
I,2015_2016,n_pfos,LBXNFOS,male,20-39,nh_white,77,21871687.884106003,0.0,True,WTSB2YR,0.9879019130238212,1.6205323170898724,2.3,3.6,5.792176526471931,8.21942822124597,9.41270292636687
I,2015_2016,n_pfos,LBXNFOS,male,40-59,all,247,39865668.375799,0.004048582995951417,True,WTSB2YR,1.7,2.1250809478198747,2.8,3.997378558412318,6.8,10.85177968940638,16.35038806989177
I,2015_2016,n_pfos,LBXNFOS,male,40-59,hispanic,65,6254324.199072,0.0,True,WTSB2YR,0.9057629164087861,1.7264276472155906,2.8947269949852625,4.217689725805034,6.786197014412987,9.265761880304586,10.957117921054788
I,2015_2016,n_pfos,LBXNFOS,male,40-59,nh_asian,33,2135567.379069,0.0,True,WTSB2YR,0.8887541632581675,0.9630421169795408,2.2125612719297636,6.442386117134868,11.11048372029504,24.40975445026356,27.447723257589367
I,2015_2016,n_pfos,LBXNFOS,male,40-59,nh_black,55,3975332.3875889997,0.0,True,WTSB2YR,1.610247539542432,3.0236829975040362,4.391018783780805,7.7,12.696127341732847,18.335104016484394,28.069585435328385
I,2015_2016,n_pfos,LBXNFOS,male,40-59,nh_white,80,26102101.670417003,0.0125,True,WTSB2YR,1.9481788087232688,2.1998990173038133,2.7,3.668177788471752,6.161965424374596,10.246321990560629,13.436700392253705
I,2015_2016,n_pfos,LBXNFOS,male,60_plus,all,253,28130413.361337,0.003952569169960474,True,WTSB2YR,1.7552176265694803,2.3623587448800802,3.9,6.4244078009318155,9.259434210577986,14.7,20.855672352738324
I,2015_2016,n_pfos,LBXNFOS,male,60_plus,hispanic,70,2286972.526127,0.014285714285714285,True,WTSB2YR,1.2978525579548639,2.3007346249094924,3.4,5.6,8.706774690199353,12.805596215707547,15.748393549872356
I,2015_2016,n_pfos,LBXNFOS,male,60_plus,nh_asian,20,1277268.062016,0.0,True,WTSB2YR,0.5573848591026318,1.1746285562050858,2.8110299641333087,6.450418264768995,20.0330993362975,42.56677114713586,57.892280406547215
I,2015_2016,n_pfos,LBXNFOS,male,60_plus,nh_black,50,2195348.019396,0.0,True,WTSB2YR,0.6992812902676316,2.5438808198979173,4.869983688620481,8.198105997809336,15.918404589366105,34.29132067388183,38.68154078482387
I,2015_2016,n_pfos,LBXNFOS,male,60_plus,nh_white,108,21165610.148724,0.0,True,WTSB2YR,1.9212306743059242,2.5098004115085444,4.0,6.483869265954155,9.142066180656448,13.54589645750564,19.6453780222627
I,2015_2016,n_pfos,LBXNFOS,male,all_ages,all,964,122862473.920238,0.004149377593360996,True,WTSB2YR,1.3,1.7,2.526735933219036,4.0,6.8,10.4,14.667301978704753
I,2015_2016,n_pfos,LBXNFOS,male,all_ages,hispanic,291,20653620.429385997,0.003436426116838488,True,WTSB2YR,1.1,1.4,2.1,3.2,5.1,7.789294851401431,9.500510168212816
I,2015_2016,n_pfos,LBXNFOS,male,all_ages,nh_asian,111,6799103.594126001,0.0,True,WTSB2YR,0.9411627722054547,1.1,2.2579068447390056,4.194279997483203,8.3,19.657321675763864,27.70488006308208
I,2015_2016,n_pfos,LBXNFOS,male,all_ages,nh_black,194,12366751.966443,0.005154639175257732,True,WTSB2YR,0.9812967021698816,1.7634564545791724,2.840800880847143,5.32744814350048,9.0,16.39417342457181,24.872881652729983
I,2015_2016,n_pfos,LBXNFOS,male,all_ages,nh_white,322,77638075.023285,0.006211180124223602,True,WTSB2YR,1.6,1.9,2.6,4.0,6.8,10.381215964565316,14.125864786319589
I,2015_2016,n_pfos,LBXNFOS,male,all_ages,other,46,5404922.906998,0.0,True,WTSB2YR,1.6459701988484785,2.1403108421485038,2.7,4.094269123105812,5.710013826573136,8.885667472691882,13.143781774226065
I,2015_2016,sb_pfoa,LBXBFOA,all,12-19,all,353,28742791.005893,0.9971671388101983,True,WTSB2YR,0.07,0.07,0.07,0.07,0.07,0.07,0.07
I,2015_2016,sb_pfoa,LBXBFOA,all,12-19,hispanic,130,6997824.27094,1.0,True,WTSB2YR,0.07,0.07,0.07,0.07,0.07,0.07,0.07
I,2015_2016,sb_pfoa,LBXBFOA,all,12-19,nh_asian,39,1377664.71959,1.0,True,WTSB2YR,0.07,0.07,0.07,0.07,0.07,0.07,0.07
I,2015_2016,sb_pfoa,LBXBFOA,all,12-19,nh_black,67,3407447.6515,0.9850746268656716,True,WTSB2YR,0.07,0.07,0.07,0.07,0.07,0.07,0.07
I,2015_2016,sb_pfoa,LBXBFOA,all,12-19,nh_white,98,15658118.155892,1.0,True,WTSB2YR,0.07,0.07,0.07,0.07,0.07,0.07,0.07
I,2015_2016,sb_pfoa,LBXBFOA,all,20-39,all,549,79256108.838349,0.9872495446265938,True,WTSB2YR,0.07,0.07,0.07,0.07,0.07,0.07,0.07
I,2015_2016,sb_pfoa,LBXBFOA,all,20-39,hispanic,169,16550408.021005,0.9644970414201184,True,WTSB2YR,0.07,0.07,0.07,0.07,0.07,0.07,0.07
I,2015_2016,sb_pfoa,LBXBFOA,all,20-39,nh_asian,70,5248054.9008760005,0.9857142857142858,True,WTSB2YR,0.07,0.07,0.07,0.07,0.07,0.07,0.07
I,2015_2016,sb_pfoa,LBXBFOA,all,20-39,nh_black,123,10067450.671602001,1.0,True,WTSB2YR,0.07,0.07,0.07,0.07,0.07,0.07,0.07
I,2015_2016,sb_pfoa,LBXBFOA,all,20-39,nh_white,160,43958961.62981,1.0,True,WTSB2YR,0.07,0.07,0.07,0.07,0.07,0.07,0.07
I,2015_2016,sb_pfoa,LBXBFOA,all,20-39,other,27,3431233.6150559997,1.0,True,WTSB2YR,0.07,0.07,0.07,0.07,0.07,0.07,0.07
I,2015_2016,sb_pfoa,LBXBFOA,all,40-59,all,555,81222986.922307,0.9819819819819819,True,WTSB2YR,0.07,0.07,0.07,0.07,0.07,0.07,0.07
I,2015_2016,sb_pfoa,LBXBFOA,all,40-59,hispanic,160,12426200.795291,0.98125,True,WTSB2YR,0.07,0.07,0.07,0.07,0.07,0.07,0.07
I,2015_2016,sb_pfoa,LBXBFOA,all,40-59,nh_asian,70,4616352.381093999,0.9857142857142858,True,WTSB2YR,0.07,0.07,0.07,0.07,0.07,0.07,0.07
I,2015_2016,sb_pfoa,LBXBFOA,all,40-59,nh_black,148,9166387.196807,0.9797297297297297,True,WTSB2YR,0.07,0.07,0.07,0.07,0.07,0.07,0.07
I,2015_2016,sb_pfoa,LBXBFOA,all,40-59,nh_white,152,51452850.669078,0.9868421052631579,True,WTSB2YR,0.07,0.07,0.07,0.07,0.07,0.07,0.07
I,2015_2016,sb_pfoa,LBXBFOA,all,40-59,other,25,3561195.880037,0.96,True,WTSB2YR,0.07,0.07,0.07,0.07,0.07103434487936924,0.1,0.1
I,2015_2016,sb_pfoa,LBXBFOA,all,60_plus,all,536,62574289.962322995,0.9589552238805971,True,WTSB2YR,0.07,0.07,0.07,0.07,0.07,0.07,0.07
I,2015_2016,sb_pfoa,LBXBFOA,all,60_plus,hispanic,170,5302997.298882,0.9,True,WTSB2YR,0.07,0.07,0.07,0.07,0.07,0.07,0.1
I,2015_2016,sb_pfoa,LBXBFOA,all,60_plus,nh_asian,41,2781940.777012,1.0,True,WTSB2YR,0.07,0.07,0.07,0.07,0.07,0.07,0.07
I,2015_2016,sb_pfoa,LBXBFOA,all,60_plus,nh_black,101,5428775.014383999,0.9603960396039604,True,WTSB2YR,0.07,0.07,0.07,0.07,0.07,0.07,0.07
I,2015_2016,sb_pfoa,LBXBFOA,all,60_plus,nh_white,209,46494281.672055006,0.9952153110047847,True,WTSB2YR,0.07,0.07,0.07,0.07,0.07,0.07,0.07
I,2015_2016,sb_pfoa,LBXBFOA,all,all_ages,all,1993,251796176.728872,0.9799297541394882,True,WTSB2YR,0.07,0.07,0.07,0.07,0.07,0.07,0.07
I,2015_2016,sb_pfoa,LBXBFOA,all,all_ages,hispanic,629,41277430.386118,0.958664546899841,True,WTSB2YR,0.07,0.07,0.07,0.07,0.07,0.07,0.07
I,2015_2016,sb_pfoa,LBXBFOA,all,all_ages,nh_asian,220,14024012.778572,0.990909090909091,True,WTSB2YR,0.07,0.07,0.07,0.07,0.07,0.07,0.07
I,2015_2016,sb_pfoa,LBXBFOA,all,all_ages,nh_black,439,28070060.534293003,0.9817767653758542,True,WTSB2YR,0.07,0.07,0.07,0.07,0.07,0.07,0.07
I,2015_2016,sb_pfoa,LBXBFOA,all,all_ages,nh_white,619,157564212.126835,0.9951534733441034,True,WTSB2YR,0.07,0.07,0.07,0.07,0.07,0.07,0.07
I,2015_2016,sb_pfoa,LBXBFOA,all,all_ages,other,86,10860460.903053999,0.9883720930232558,True,WTSB2YR,0.07,0.07,0.07,0.07,0.07,0.07,0.09313624157511366
I,2015_2016,sb_pfoa,LBXBFOA,female,12-19,all,159,13241298.308639001,1.0,True,WTSB2YR,0.07,0.07,0.07,0.07,0.07,0.07,0.07
I,2015_2016,sb_pfoa,LBXBFOA,female,12-19,hispanic,62,3320681.6672730003,1.0,True,WTSB2YR,0.07,0.07,0.07,0.07,0.07,0.07,0.07
I,2015_2016,sb_pfoa,LBXBFOA,female,12-19,nh_black,29,1613688.629108,1.0,True,WTSB2YR,0.07,0.07,0.07,0.07,0.07,0.07,0.07
I,2015_2016,sb_pfoa,LBXBFOA,female,12-19,nh_white,41,7159442.8358539995,1.0,True,WTSB2YR,0.07,0.07,0.07,0.07,0.07,0.07,0.07
I,2015_2016,sb_pfoa,LBXBFOA,female,20-39,all,279,39891209.352501,0.996415770609319,True,WTSB2YR,0.07,0.07,0.07,0.07,0.07,0.07,0.07
I,2015_2016,sb_pfoa,LBXBFOA,female,20-39,hispanic,81,8115226.920485,0.9876543209876543,True,WTSB2YR,0.07,0.07,0.07,0.07,0.07,0.07,0.07
I,2015_2016,sb_pfoa,LBXBFOA,female,20-39,nh_asian,32,2564784.07949,1.0,True,WTSB2YR,0.07,0.07,0.07,0.07,0.07,0.07,0.07
I,2015_2016,sb_pfoa,LBXBFOA,female,20-39,nh_black,72,5665138.134535999,1.0,True,WTSB2YR,0.07,0.07,0.07,0.07,0.07,0.07,0.07
I,2015_2016,sb_pfoa,LBXBFOA,female,20-39,nh_white,83,22087273.745704,1.0,True,WTSB2YR,0.07,0.07,0.07,0.07,0.07,0.07,0.07
I,2015_2016,sb_pfoa,LBXBFOA,female,40-59,all,308,41357318.546508,0.9805194805194806,True,WTSB2YR,0.07,0.07,0.07,0.07,0.07,0.07,0.07
I,2015_2016,sb_pfoa,LBXBFOA,female,40-59,hispanic,95,6171876.5962189995,0.9789473684210527,True,WTSB2YR,0.07,0.07,0.07,0.07,0.07,0.07,0.07
I,2015_2016,sb_pfoa,LBXBFOA,female,40-59,nh_asian,37,2480785.0020250003,1.0,True,WTSB2YR,0.07,0.07,0.07,0.07,0.07,0.07,0.07
I,2015_2016,sb_pfoa,LBXBFOA,female,40-59,nh_black,93,5191054.809218001,0.967741935483871,True,WTSB2YR,0.07,0.07,0.07,0.07,0.07,0.07,0.07
I,2015_2016,sb_pfoa,LBXBFOA,female,40-59,nh_white,72,25350748.998661,1.0,True,WTSB2YR,0.07,0.07,0.07,0.07,0.07,0.07,0.07
I,2015_2016,sb_pfoa,LBXBFOA,female,60_plus,all,283,34443876.600986004,0.9611307420494699,True,WTSB2YR,0.07,0.07,0.07,0.07,0.07,0.07,0.07
I,2015_2016,sb_pfoa,LBXBFOA,female,60_plus,hispanic,100,3016024.7727549993,0.92,True,WTSB2YR,0.07,0.07,0.07,0.07,0.07,0.07,0.1
I,2015_2016,sb_pfoa,LBXBFOA,female,60_plus,nh_asian,21,1504672.714996,1.0,True,WTSB2YR,0.07,0.07,0.07,0.07,0.07,0.07,0.07
I,2015_2016,sb_pfoa,LBXBFOA,female,60_plus,nh_black,51,3233426.994988,0.9411764705882353,True,WTSB2YR,0.07,0.07,0.07,0.07,0.07,0.07,0.09030848460116678
I,2015_2016,sb_pfoa,LBXBFOA,female,60_plus,nh_white,101,25328671.523330998,1.0,True,WTSB2YR,0.07,0.07,0.07,0.07,0.07,0.07,0.07
I,2015_2016,sb_pfoa,LBXBFOA,female,all_ages,all,1029,128933702.808634,0.9825072886297376,True,WTSB2YR,0.07,0.07,0.07,0.07,0.07,0.07,0.07
I,2015_2016,sb_pfoa,LBXBFOA,female,all_ages,hispanic,338,20623809.956731997,0.9674556213017751,True,WTSB2YR,0.07,0.07,0.07,0.07,0.07,0.07,0.07
I,2015_2016,sb_pfoa,LBXBFOA,female,all_ages,nh_asian,109,7224909.184446001,1.0,True,WTSB2YR,0.07,0.07,0.07,0.07,0.07,0.07,0.07
I,2015_2016,sb_pfoa,LBXBFOA,female,all_ages,nh_black,245,15703308.56785,0.9755102040816327,True,WTSB2YR,0.07,0.07,0.07,0.07,0.07,0.07,0.07
I,2015_2016,sb_pfoa,LBXBFOA,female,all_ages,nh_white,297,79926137.10355,1.0,True,WTSB2YR,0.07,0.07,0.07,0.07,0.07,0.07,0.07
I,2015_2016,sb_pfoa,LBXBFOA,female,all_ages,other,40,5455537.996056,0.975,True,WTSB2YR,0.07,0.07,0.07,0.07,0.07,0.09297191022786147,0.1
I,2015_2016,sb_pfoa,LBXBFOA,male,12-19,all,194,15501492.697254,0.9948453608247423,True,WTSB2YR,0.07,0.07,0.07,0.07,0.07,0.07,0.07
I,2015_2016,sb_pfoa,LBXBFOA,male,12-19,hispanic,68,3677142.603667,1.0,True,WTSB2YR,0.07,0.07,0.07,0.07,0.07,0.07,0.07
I,2015_2016,sb_pfoa,LBXBFOA,male,12-19,nh_asian,20,702997.331655,1.0,True,WTSB2YR,0.07,0.07,0.07,0.07,0.07,0.07,0.07
I,2015_2016,sb_pfoa,LBXBFOA,male,12-19,nh_black,38,1793759.0223919998,0.9736842105263158,True,WTSB2YR,0.07,0.07,0.07,0.07,0.07,0.07,0.07
I,2015_2016,sb_pfoa,LBXBFOA,male,12-19,nh_white,57,8498675.320038,1.0,True,WTSB2YR,0.07,0.07,0.07,0.07,0.07,0.07,0.07
I,2015_2016,sb_pfoa,LBXBFOA,male,20-39,all,270,39364899.485848,0.9777777777777777,True,WTSB2YR,0.07,0.07,0.07,0.07,0.07,0.07,0.07
I,2015_2016,sb_pfoa,LBXBFOA,male,20-39,hispanic,88,8435181.10052,0.9431818181818182,True,WTSB2YR,0.07,0.07,0.07,0.07,0.07,0.07,0.0932189647796483
I,2015_2016,sb_pfoa,LBXBFOA,male,20-39,nh_asian,38,2683270.8213859997,0.9736842105263158,True,WTSB2YR,0.07,0.07,0.07,0.07,0.07,0.07,0.07
I,2015_2016,sb_pfoa,LBXBFOA,male,20-39,nh_black,51,4402312.5370660005,1.0,True,WTSB2YR,0.07,0.07,0.07,0.07,0.07,0.07,0.07
I,2015_2016,sb_pfoa,LBXBFOA,male,20-39,nh_white,77,21871687.884106003,1.0,True,WTSB2YR,0.07,0.07,0.07,0.07,0.07,0.07,0.07
I,2015_2016,sb_pfoa,LBXBFOA,male,40-59,all,247,39865668.375799,0.9838056680161943,True,WTSB2YR,0.07,0.07,0.07,0.07,0.07,0.07,0.07
I,2015_2016,sb_pfoa,LBXBFOA,male,40-59,hispanic,65,6254324.199072,0.9846153846153847,True,WTSB2YR,0.07,0.07,0.07,0.07,0.07,0.07,0.07
I,2015_2016,sb_pfoa,LBXBFOA,male,40-59,nh_asian,33,2135567.379069,0.9696969696969697,True,WTSB2YR,0.07,0.07,0.07,0.07,0.07,0.07,0.07
I,2015_2016,sb_pfoa,LBXBFOA,male,40-59,nh_black,55,3975332.3875889997,1.0,True,WTSB2YR,0.07,0.07,0.07,0.07,0.07,0.07,0.07
I,2015_2016,sb_pfoa,LBXBFOA,male,40-59,nh_white,80,26102101.670417003,0.975,True,WTSB2YR,0.07,0.07,0.07,0.07,0.07,0.07,0.07
I,2015_2016,sb_pfoa,LBXBFOA,male,60_plus,all,253,28130413.361337,0.9565217391304348,True,WTSB2YR,0.07,0.07,0.07,0.07,0.07,0.07,0.07
I,2015_2016,sb_pfoa,LBXBFOA,male,60_plus,hispanic,70,2286972.526127,0.8714285714285714,True,WTSB2YR,0.07,0.07,0.07,0.07,0.07,0.1,0.16105264361907498
I,2015_2016,sb_pfoa,LBXBFOA,male,60_plus,nh_asian,20,1277268.062016,1.0,True,WTSB2YR,0.07,0.07,0.07,0.07,0.07,0.07,0.07
I,2015_2016,sb_pfoa,LBXBFOA,male,60_plus,nh_black,50,2195348.019396,0.98,True,WTSB2YR,0.07,0.07,0.07,0.07,0.07,0.07,0.07
I,2015_2016,sb_pfoa,LBXBFOA,male,60_plus,nh_white,108,21165610.148724,0.9907407407407407,True,WTSB2YR,0.07,0.07,0.07,0.07,0.07,0.07,0.07
I,2015_2016,sb_pfoa,LBXBFOA,male,all_ages,all,964,122862473.920238,0.9771784232365145,True,WTSB2YR,0.07,0.07,0.07,0.07,0.07,0.07,0.07
I,2015_2016,sb_pfoa,LBXBFOA,male,all_ages,hispanic,291,20653620.429385997,0.9484536082474226,True,WTSB2YR,0.07,0.07,0.07,0.07,0.07,0.07,0.07
I,2015_2016,sb_pfoa,LBXBFOA,male,all_ages,nh_asian,111,6799103.594126001,0.9819819819819819,True,WTSB2YR,0.07,0.07,0.07,0.07,0.07,0.07,0.07
I,2015_2016,sb_pfoa,LBXBFOA,male,all_ages,nh_black,194,12366751.966443,0.9896907216494846,True,WTSB2YR,0.07,0.07,0.07,0.07,0.07,0.07,0.07
I,2015_2016,sb_pfoa,LBXBFOA,male,all_ages,nh_white,322,77638075.023285,0.9906832298136646,True,WTSB2YR,0.07,0.07,0.07,0.07,0.07,0.07,0.07
I,2015_2016,sb_pfoa,LBXBFOA,male,all_ages,other,46,5404922.906998,1.0,True,WTSB2YR,0.07,0.07,0.07,0.07,0.07,0.07,0.07
I,2015_2016,sm_pfos,LBXMFOS,all,12-19,all,353,28742791.005893,0.0028328611898017,True,WTSB2YR,0.3,0.4,0.6,0.9,1.2,1.6,2.0
I,2015_2016,sm_pfos,LBXMFOS,all,12-19,hispanic,130,6997824.27094,0.0,True,WTSB2YR,0.3,0.4,0.5,0.6668841214578194,0.9,1.1,1.554430353156123
I,2015_2016,sm_pfos,LBXMFOS,all,12-19,nh_asian,39,1377664.71959,0.0,True,WTSB2YR,0.3,0.4,0.6,0.8260942338720038,1.1,2.1,2.2755751765477967
I,2015_2016,sm_pfos,LBXMFOS,all,12-19,nh_black,67,3407447.6515,0.0,True,WTSB2YR,0.27745029902178636,0.3,0.4,0.6,0.9462627850531689,1.2,1.820593668391526
I,2015_2016,sm_pfos,LBXMFOS,all,12-19,nh_white,98,15658118.155892,0.01020408163265306,True,WTSB2YR,0.4,0.5,0.7,1.0,1.3570044543174469,1.7400561880653456,2.0112189903882682
I,2015_2016,sm_pfos,LBXMFOS,all,20-39,all,549,79256108.838349,0.025500910746812388,True,WTSB2YR,0.2,0.4,0.6,1.1,1.8,2.9,3.774995298524847
I,2015_2016,sm_pfos,LBXMFOS,all,20-39,hispanic,169,16550408.021005,0.023668639053254437,True,WTSB2YR,0.2,0.3,0.6,1.0,1.5,2.246599352222056,2.6
I,2015_2016,sm_pfos,LBXMFOS,all,20-39,nh_asian,70,5248054.9008760005,0.014285714285714285,True,WTSB2YR,0.11597477512706608,0.3,0.6,1.1,1.4,2.146530208962017,2.67940115084658
I,2015_2016,sm_pfos,LBXMFOS,all,20-39,nh_black,123,10067450.671602001,0.04878048780487805,True,WTSB2YR,0.08017463994019307,0.2,0.4,0.9,1.5902917389975948,2.920494998441321,3.5728481431471732
I,2015_2016,sm_pfos,LBXMFOS,all,20-39,nh_white,160,43958961.62981,0.01875,True,WTSB2YR,0.3,0.4,0.7,1.2,1.9712644655020568,3.214041690395684,4.556812628698487
I,2015_2016,sm_pfos,LBXMFOS,all,20-39,other,27,3431233.6150559997,0.0,True,WTSB2YR,0.34108752311691515,0.506745762724455,0.6,1.6,1.9512520380984169,2.8427406101554555,3.258351598343698
I,2015_2016,sm_pfos,LBXMFOS,all,40-59,all,555,81222986.922307,0.009009009009009009,True,WTSB2YR,0.4,0.5,0.9,1.8,3.0,4.371202324663958,5.6840668756520545
I,2015_2016,sm_pfos,LBXMFOS,all,40-59,hispanic,160,12426200.795291,0.0,True,WTSB2YR,0.29538056333230844,0.4,0.7,1.3939061883718158,2.5,3.298266205711603,4.1221183060644995
I,2015_2016,sm_pfos,LBXMFOS,all,40-59,nh_asian,70,4616352.381093999,0.0,True,WTSB2YR,0.3,0.5445359016993535,0.8,1.421584021999224,2.9850711073424145,5.653333301017181,6.846767721640593
I,2015_2016,sm_pfos,LBXMFOS,all,40-59,nh_black,148,9166387.196807,0.02027027027027027,True,WTSB2YR,0.2,0.4,0.8,1.8,3.5592341956677545,5.328202170348195,6.31732697783733
I,2015_2016,sm_pfos,LBXMFOS,all,40-59,nh_white,152,51452850.669078,0.013157894736842105,True,WTSB2YR,0.44507910308777576,0.6,1.0,1.9,3.0,4.447952627126931,5.717452134961881
I,2015_2016,sm_pfos,LBXMFOS,all,40-59,other,25,3561195.880037,0.0,True,WTSB2YR,0.6664602983961074,1.2707209176707774,1.7,1.8824527321902418,2.552817939955153,3.9330265232780173,5.4772754109194235
I,2015_2016,sm_pfos,LBXMFOS,all,60_plus,all,536,62574289.962322995,0.005597014925373134,True,WTSB2YR,0.5176256454158279,0.8,1.5,2.5,4.3,6.0,7.6
I,2015_2016,sm_pfos,LBXMFOS,all,60_plus,hispanic,170,5302997.298882,0.0058823529411764705,True,WTSB2YR,0.6380929483543221,0.9,1.570129941382077,2.3,3.323300478212072,4.759223790922421,6.072617652641035
I,2015_2016,sm_pfos,LBXMFOS,all,60_plus,nh_asian,41,2781940.777012,0.0,True,WTSB2YR,0.3,0.4,1.2475433848527808,2.1,3.968281161320662,5.04580649894346,7.691538189927797
I,2015_2016,sm_pfos,LBXMFOS,all,60_plus,nh_black,101,5428775.014383999,0.009900990099009901,True,WTSB2YR,0.5617030474119996,0.7,1.7768108285256365,3.0761295163210653,4.692024696235056,7.253577049147042,9.389362918004755
I,2015_2016,sm_pfos,LBXMFOS,all,60_plus,nh_white,209,46494281.672055006,0.0,True,WTSB2YR,0.6739721980192492,0.9,1.512686470498566,2.6,4.4,6.0480172262180645,7.653645054448845
I,2015_2016,sm_pfos,LBXMFOS,all,all_ages,all,1993,251796176.728872,0.01154039136979428,True,WTSB2YR,0.3,0.5,0.8,1.5,2.6,4.4,5.7
I,2015_2016,sm_pfos,LBXMFOS,all,all_ages,hispanic,629,41277430.386118,0.00794912559618442,True,WTSB2YR,0.3,0.4,0.6,1.1,1.9875068744593007,3.006961071903655,3.8
I,2015_2016,sm_pfos,LBXMFOS,all,all_ages,nh_asian,220,14024012.778572,0.004545454545454545,True,WTSB2YR,0.3,0.4,0.7,1.3,2.1776090758326156,3.9,5.286130578735228
I,2015_2016,sm_pfos,LBXMFOS,all,all_ages,nh_black,439,28070060.534293003,0.022779043280182234,True,WTSB2YR,0.2,0.3,0.6,1.264979144150427,2.8,4.6479671474541115,6.1
I,2015_2016,sm_pfos,LBXMFOS,all,all_ages,nh_white,619,157564212.126835,0.009693053311793215,True,WTSB2YR,0.4,0.6,0.9,1.6,3.0,4.8,5.9979828259233345
I,2015_2016,sm_pfos,LBXMFOS,all,all_ages,other,86,10860460.903053999,0.011627906976744186,True,WTSB2YR,0.4,0.6,1.0,1.8,2.363266586512215,3.292008788787649,5.174079005752956
I,2015_2016,sm_pfos,LBXMFOS,female,12-19,all,159,13241298.308639001,0.0,True,WTSB2YR,0.3,0.4,0.5,0.7,0.9387951191646554,1.1488491337864146,1.496413559780949
I,2015_2016,sm_pfos,LBXMFOS,female,12-19,hispanic,62,3320681.6672730003,0.0,True,WTSB2YR,0.3,0.3,0.4,0.6,0.7,0.9255934251151895,1.0
I,2015_2016,sm_pfos,LBXMFOS,female,12-19,nh_black,29,1613688.629108,0.0,True,WTSB2YR,0.2,0.26740450127408233,0.4,0.5,0.8832381244377128,1.1163849736028375,1.7586243012314287
I,2015_2016,sm_pfos,LBXMFOS,female,12-19,nh_white,41,7159442.8358539995,0.0,True,WTSB2YR,0.2584549185326595,0.5,0.6328134184276968,0.873147812525249,1.1,1.2,1.8537392651290476
I,2015_2016,sm_pfos,LBXMFOS,female,20-39,all,279,39891209.352501,0.03225806451612903,True,WTSB2YR,0.2,0.3,0.4,0.7,1.1,1.6,1.8
I,2015_2016,sm_pfos,LBXMFOS,female,20-39,hispanic,81,8115226.920485,0.024691358024691357,True,WTSB2YR,0.14391396341167997,0.3,0.4,0.6,1.0,1.3294004015515575,1.7120183073563628
I,2015_2016,sm_pfos,LBXMFOS,female,20-39,nh_asian,32,2564784.07949,0.03125,True,WTSB2YR,0.1,0.10829885185292386,0.3857161098652193,0.8154023358875624,1.3523541270414627,2.0771059359100494,2.518228362312898
I,2015_2016,sm_pfos,LBXMFOS,female,20-39,nh_black,72,5665138.134535999,0.06944444444444445,True,WTSB2YR,0.07,0.11829721893677503,0.3,0.5,0.8,1.3,1.548849457288585
I,2015_2016,sm_pfos,LBXMFOS,female,20-39,nh_white,83,22087273.745704,0.012048192771084338,True,WTSB2YR,0.3,0.3116115093265318,0.5,0.8,1.2,1.6,1.8
I,2015_2016,sm_pfos,LBXMFOS,female,40-59,all,308,41357318.546508,0.00974025974025974,True,WTSB2YR,0.3,0.4,0.6,1.1,2.0,2.6,3.7
I,2015_2016,sm_pfos,LBXMFOS,female,40-59,hispanic,95,6171876.5962189995,0.0,True,WTSB2YR,0.2,0.3,0.5,0.8,1.5,2.3,2.963585509893724
I,2015_2016,sm_pfos,LBXMFOS,female,40-59,nh_asian,37,2480785.0020250003,0.0,True,WTSB2YR,0.3,0.3200813369639936,0.6998530699451775,1.1,1.8659498627568254,5.018877095059208,7.2179986831348755
I,2015_2016,sm_pfos,LBXMFOS,female,40-59,nh_black,93,5191054.809218001,0.021505376344086023,True,WTSB2YR,0.149593599071438,0.3,0.6,1.1,1.8,3.016088324173654,4.019340549611046
I,2015_2016,sm_pfos,LBXMFOS,female,40-59,nh_white,72,25350748.998661,0.013888888888888888,True,WTSB2YR,0.3771715206765531,0.46694818546780986,0.6452460395751578,1.174230324787942,2.0,2.6,3.7669234306348898
I,2015_2016,sm_pfos,LBXMFOS,female,60_plus,all,283,34443876.600986004,0.0035335689045936395,True,WTSB2YR,0.4396809693578949,0.7,1.2,2.2,4.0,5.931250836616057,7.141109085939164
I,2015_2016,sm_pfos,LBXMFOS,female,60_plus,hispanic,100,3016024.7727549993,0.0,True,WTSB2YR,0.7455070537859474,0.9,1.4,1.9,3.0,4.4,5.546501179926911
I,2015_2016,sm_pfos,LBXMFOS,female,60_plus,nh_asian,21,1504672.714996,0.0,True,WTSB2YR,0.3509967454379993,0.5643828596043992,1.2681713362720572,1.9532635998321293,3.256768518186796,5.0,8.22089446083394
I,2015_2016,sm_pfos,LBXMFOS,female,60_plus,nh_black,51,3233426.994988,0.0,True,WTSB2YR,0.6,0.6605336689147683,1.5085872986094735,2.673951951226463,3.8350347067028476,7.104265561194541,11.239620044602939
I,2015_2016,sm_pfos,LBXMFOS,female,60_plus,nh_white,101,25328671.523330998,0.0,True,WTSB2YR,0.4053833041598201,0.8,1.2,2.3,4.3367612429246165,6.0,7.16755958317289
I,2015_2016,sm_pfos,LBXMFOS,female,all_ages,all,1029,128933702.808634,0.012633624878522837,True,WTSB2YR,0.2,0.4,0.6,1.0,1.9,3.5,4.853012941360551
I,2015_2016,sm_pfos,LBXMFOS,female,all_ages,hispanic,338,20623809.956731997,0.005917159763313609,True,WTSB2YR,0.2,0.3,0.4,0.7,1.2,2.3,3.1
I,2015_2016,sm_pfos,LBXMFOS,female,all_ages,nh_asian,109,7224909.184446001,0.009174311926605505,True,WTSB2YR,0.2,0.3,0.6,1.0,1.8186488916051047,3.7095986568317065,5.018874508245535
I,2015_2016,sm_pfos,LBXMFOS,female,all_ages,nh_black,245,15703308.56785,0.02857142857142857,True,WTSB2YR,0.1,0.2,0.4,0.8,1.8,3.5224327064046266,4.895249076282008
I,2015_2016,sm_pfos,LBXMFOS,female,all_ages,nh_white,297,79926137.10355,0.006734006734006734,True,WTSB2YR,0.3,0.4,0.7,1.1,2.1,3.9199823333712485,5.144993930663317
I,2015_2016,sm_pfos,LBXMFOS,female,all_ages,other,40,5455537.996056,0.025,True,WTSB2YR,0.3,0.4,0.6,1.4000562889626273,1.9,2.6440160050355055,3.47005575193351
I,2015_2016,sm_pfos,LBXMFOS,male,12-19,all,194,15501492.697254,0.005154639175257732,True,WTSB2YR,0.4,0.5,0.8,1.0,1.4,1.8,2.020041999541614
I,2015_2016,sm_pfos,LBXMFOS,male,12-19,hispanic,68,3677142.603667,0.0,True,WTSB2YR,0.37403616540652324,0.4855257611849012,0.6,0.8,1.0,1.4872789451455966,2.0
I,2015_2016,sm_pfos,LBXMFOS,male,12-19,nh_asian,20,702997.331655,0.0,True,WTSB2YR,0.25642137927619363,0.5000432003565958,0.8541578337954381,1.0285607166694308,1.7360376802184696,2.2717986461740916,2.897853541027277
I,2015_2016,sm_pfos,LBXMFOS,male,12-19,nh_black,38,1793759.0223919998,0.0,True,WTSB2YR,0.3,0.3,0.5,0.7,1.0215226558006953,1.2,1.790770881876982
I,2015_2016,sm_pfos,LBXMFOS,male,12-19,nh_white,57,8498675.320038,0.017543859649122806,True,WTSB2YR,0.5,0.7208542288072324,0.885326340622111,1.2,1.5,1.8,1.9956220190551703
I,2015_2016,sm_pfos,LBXMFOS,male,20-39,all,270,39364899.485848,0.018518518518518517,True,WTSB2YR,0.5527113633798765,0.8,1.1,1.6,2.6,3.7461474034014324,4.982449163146687
I,2015_2016,sm_pfos,LBXMFOS,male,20-39,hispanic,88,8435181.10052,0.022727272727272728,True,WTSB2YR,0.5202755285948917,0.6948622609349753,1.0,1.4,2.0,2.5,3.0065928197043257
I,2015_2016,sm_pfos,LBXMFOS,male,20-39,nh_asian,38,2683270.8213859997,0.0,True,WTSB2YR,0.5328102514370137,0.6,0.8510320994704199,1.3,1.423881703377015,2.3323426191260137,2.75851724001488
I,2015_2016,sm_pfos,LBXMFOS,male,20-39,nh_black,51,4402312.5370660005,0.0196078431372549,True,WTSB2YR,0.7031876455604739,0.9,1.1,1.6,2.3193617788236653,3.6,4.030042784514119
I,2015_2016,sm_pfos,LBXMFOS,male,20-39,nh_white,77,21871687.884106003,0.025974025974025976,True,WTSB2YR,0.5,0.8,1.149531879295439,1.7824655150663702,2.9203773606683385,4.576368283812927,5.728491235473426
I,2015_2016,sm_pfos,LBXMFOS,male,40-59,all,247,39865668.375799,0.008097165991902834,True,WTSB2YR,0.8,1.0,1.6,2.6,3.6303202310506153,5.440372773440829,6.9
I,2015_2016,sm_pfos,LBXMFOS,male,40-59,hispanic,65,6254324.199072,0.0,True,WTSB2YR,0.3,0.972054290654185,1.3296190029011912,2.1,3.0550363073518216,3.839795295015372,4.61647718940568
I,2015_2016,sm_pfos,LBXMFOS,male,40-59,nh_asian,33,2135567.379069,0.0,True,WTSB2YR,0.5756218488873512,0.7881754388774348,1.2,2.3077574277015027,3.5485960067228697,5.688057033506051,6.8
I,2015_2016,sm_pfos,LBXMFOS,male,40-59,nh_black,55,3975332.3875889997,0.01818181818181818,True,WTSB2YR,0.6549206226460369,1.5,2.0,3.4,4.8802926087808105,6.765014859549037,9.143895319073549
I,2015_2016,sm_pfos,LBXMFOS,male,40-59,nh_white,80,26102101.670417003,0.0125,True,WTSB2YR,0.8559275989194676,1.026472543658572,1.6512985304096168,2.6039082450828173,3.6089196030665303,5.424195143878044,6.9
I,2015_2016,sm_pfos,LBXMFOS,male,60_plus,all,253,28130413.361337,0.007905138339920948,True,WTSB2YR,0.8239073873042388,1.4,1.9,2.9,4.5,6.7,7.7983661188104225
I,2015_2016,sm_pfos,LBXMFOS,male,60_plus,hispanic,70,2286972.526127,0.014285714285714285,True,WTSB2YR,0.6,1.400367312454746,1.9,2.8,4.0,4.945213980779657,6.281794614350626
I,2015_2016,sm_pfos,LBXMFOS,male,60_plus,nh_asian,20,1277268.062016,0.0,True,WTSB2YR,0.3,0.3169450099686155,1.2467075230695615,2.2776674860195683,4.013335949888186,6.337941501089219,7.698367884947685
I,2015_2016,sm_pfos,LBXMFOS,male,60_plus,nh_black,50,2195348.019396,0.02,True,WTSB2YR,0.2489219354014479,0.9719820314188444,2.0778395269501697,3.574498468145279,5.7,7.295345926536672,8.3712942619243
I,2015_2016,sm_pfos,LBXMFOS,male,60_plus,nh_white,108,21165610.148724,0.0,True,WTSB2YR,1.0412645119167467,1.4,1.8410186229734278,3.0,4.569981750350664,6.765798926954793,7.93757146884171
I,2015_2016,sm_pfos,LBXMFOS,male,all_ages,all,964,122862473.920238,0.01037344398340249,True,WTSB2YR,0.6,0.8,1.3,2.0,3.3,5.1,6.3
I,2015_2016,sm_pfos,LBXMFOS,male,all_ages,hispanic,291,20653620.429385997,0.010309278350515464,True,WTSB2YR,0.4,0.6,1.0,1.5,2.4,3.3,4.13517072993943
I,2015_2016,sm_pfos,LBXMFOS,male,all_ages,nh_asian,111,6799103.594126001,0.0,True,WTSB2YR,0.4,0.6,1.0,1.4,2.6356868397455333,3.99499390929967,5.7315902079475585
I,2015_2016,sm_pfos,LBXMFOS,male,all_ages,nh_black,194,12366751.966443,0.015463917525773196,True,WTSB2YR,0.4,0.6327719889422339,1.1,2.0998089757425666,3.6,5.7,7.1
I,2015_2016,sm_pfos,LBXMFOS,male,all_ages,nh_white,322,77638075.023285,0.012422360248447204,True,WTSB2YR,0.8,0.9,1.4,2.2,3.6771073872764104,5.2,6.862373092947792
I,2015_2016,sm_pfos,LBXMFOS,male,all_ages,other,46,5404922.906998,0.0,True,WTSB2YR,0.6920502521762085,0.8408256064907613,1.569409953780214,1.9623755410417874,2.6186150258582237,4.190406041850768,5.309103174912453
J,2017_2018,n_pfoa,LBXNFOA,all,12-19,all,313,28969188.891374998,0.0,True,WTSB2YR,0.5,0.6,0.8,1.0812594103122732,1.6,2.0,2.3227883953803725
J,2017_2018,n_pfoa,LBXNFOA,all,12-19,hispanic,93,7215668.524125,0.0,True,WTSB2YR,0.4,0.5,0.7,1.0,1.4,1.8857664469085775,2.7128154539771865
J,2017_2018,n_pfoa,LBXNFOA,all,12-19,nh_asian,40,1549126.7263850002,0.0,True,WTSB2YR,0.6,0.7,0.7507413103404166,1.070961507865608,1.6076833646613031,2.7207829358781432,4.0644744268928985
J,2017_2018,n_pfoa,LBXNFOA,all,12-19,nh_black,63,3848870.3637589994,0.0,True,WTSB2YR,0.46414211261127614,0.5,0.6,0.9,1.2,1.5852602308203287,1.6
J,2017_2018,n_pfoa,LBXNFOA,all,12-19,nh_white,93,15047017.781746998,0.0,True,WTSB2YR,0.5708716960522906,0.7,0.8973430683075492,1.2,1.6625938600633192,2.100699235861925,2.3230579207671322
J,2017_2018,n_pfoa,LBXNFOA,all,12-19,other,24,1308505.4953589998,0.0,True,WTSB2YR,0.5349162651105148,0.6,0.9,1.0305213415580288,1.8,2.0605878557486674,2.4459321049039913
J,2017_2018,n_pfoa,LBXNFOA,all,20-39,all,499,81661620.780698,0.006012024048096192,True,WTSB2YR,0.4,0.5,0.7,1.2,1.7,2.3,2.7
J,2017_2018,n_pfoa,LBXNFOA,all,20-39,hispanic,130,17568654.103227,0.007692307692307693,True,WTSB2YR,0.3,0.4,0.6,1.1,1.5,2.0,2.3
J,2017_2018,n_pfoa,LBXNFOA,all,20-39,nh_asian,69,5551348.359650001,0.0,True,WTSB2YR,0.3452568408226406,0.4,0.6640468941943111,1.2,2.077815075766725,5.781233674656416,6.8350463651289965
J,2017_2018,n_pfoa,LBXNFOA,all,20-39,nh_black,113,10020309.690137,0.017699115044247787,True,WTSB2YR,0.2,0.3,0.7,1.1,1.5,2.1,2.8427868511466925
J,2017_2018,n_pfoa,LBXNFOA,all,20-39,nh_white,163,44445906.33185,0.0,True,WTSB2YR,0.5,0.6,0.8,1.3,1.9,2.4,2.7
J,2017_2018,n_pfoa,LBXNFOA,all,20-39,other,24,4075402.2958339998,0.0,True,WTSB2YR,0.3,0.5,0.5458037914337052,0.8415795122072502,1.4,1.6,1.6
J,2017_2018,n_pfoa,LBXNFOA,all,40-59,all,513,79211749.76572399,0.001949317738791423,True,WTSB2YR,0.5,0.6,0.9,1.4,2.1,3.3,4.614838782299977
J,2017_2018,n_pfoa,LBXNFOA,all,40-59,hispanic,118,12688936.917647002,0.0,True,WTSB2YR,0.5,0.6,0.8148135070333244,1.2,1.7,2.5191321754151206,4.062409293775876
J,2017_2018,n_pfoa,LBXNFOA,all,40-59,nh_asian,96,4219588.385952,0.0,True,WTSB2YR,0.5,0.6680477678241689,1.0,1.5,2.3,3.1558210447719306,5.089309787475593
J,2017_2018,n_pfoa,LBXNFOA,all,40-59,nh_black,115,8904330.867151,0.008695652173913044,True,WTSB2YR,0.29439127217101196,0.45640404654190236,0.7,1.2,1.7,2.7,3.1361869121000083
J,2017_2018,n_pfoa,LBXNFOA,all,40-59,nh_white,153,49537303.192168,0.0,True,WTSB2YR,0.5416638408505973,0.7,1.0,1.4,2.3,3.505733753802353,4.951579563198637
J,2017_2018,n_pfoa,LBXNFOA,all,40-59,other,31,3861590.402806,0.0,True,WTSB2YR,0.6,0.6441650772665153,0.9,1.1,1.3286557519274005,2.535487868864792,2.6651538283087923
J,2017_2018,n_pfoa,LBXNFOA,all,60_plus,all,604,65270299.990158,0.004966887417218543,True,WTSB2YR,0.4,0.7,1.2025916292100638,1.8,2.5735470605661295,3.5,4.3
J,2017_2018,n_pfoa,LBXNFOA,all,60_plus,hispanic,132,5912416.05807,0.0,True,WTSB2YR,0.5,0.6,0.9,1.4634919788484204,2.0,2.6317145820449213,3.26237943465048
J,2017_2018,n_pfoa,LBXNFOA,all,60_plus,nh_asian,52,2758831.430326,0.0,True,WTSB2YR,0.8414770738425181,1.0506488641571492,1.7,2.6,3.5,6.113466245883732,6.757055237911739
J,2017_2018,n_pfoa,LBXNFOA,all,60_plus,nh_black,139,5692501.09179,0.007194244604316547,True,WTSB2YR,0.5,0.7,1.1440190219154964,1.7,2.4,3.560981600977766,4.6
J,2017_2018,n_pfoa,LBXNFOA,all,60_plus,nh_white,258,49221843.881625,0.003875968992248062,True,WTSB2YR,0.3,0.8,1.3,1.9,2.6,3.6,4.172071975196573
J,2017_2018,n_pfoa,LBXNFOA,all,60_plus,other,23,1684707.5283470002,0.043478260869565216,True,WTSB2YR,0.5073399423530935,0.622014941626346,0.9,1.1968165552766445,2.1206278828940355,2.6929470820917225,3.196026158147436
J,2017_2018,n_pfoa,LBXNFOA,all,all_ages,all,1929,255112859.42795503,0.0036288232244686366,True,WTSB2YR,0.4,0.6,0.9,1.4,2.0,2.9,3.7
J,2017_2018,n_pfoa,LBXNFOA,all,all_ages,hispanic,473,43385675.60306901,0.0021141649048625794,True,WTSB2YR,0.4,0.5,0.7,1.2,1.6,2.3,2.8663185659525507
J,2017_2018,n_pfoa,LBXNFOA,all,all_ages,nh_asian,257,14078894.902313,0.0,True,WTSB2YR,0.4,0.6,0.9,1.4,2.6,4.653805604066356,6.527205955823634
J,2017_2018,n_pfoa,LBXNFOA,all,all_ages,nh_black,430,28466012.012837,0.009302325581395349,True,WTSB2YR,0.3,0.4,0.7,1.2,1.7,2.6,3.3
J,2017_2018,n_pfoa,LBXNFOA,all,all_ages,nh_white,667,158252071.18738997,0.0014992503748125937,True,WTSB2YR,0.5,0.6,1.0,1.5,2.2,3.1,3.7111870621398158
J,2017_2018,n_pfoa,LBXNFOA,all,all_ages,other,102,10930205.722346,0.00980392156862745,True,WTSB2YR,0.5,0.5,0.7,1.0974943686193281,1.5,2.1777064381392934,2.6
J,2017_2018,n_pfoa,LBXNFOA,female,12-19,all,149,13672575.768884998,0.0,True,WTSB2YR,0.4,0.5,0.7,1.0,1.4,2.0,2.4002048015181034
J,2017_2018,n_pfoa,LBXNFOA,female,12-19,hispanic,46,3394580.382888,0.0,True,WTSB2YR,0.4,0.4526551106540461,0.6,0.8,1.2,1.4,1.6349224949197587
J,2017_2018,n_pfoa,LBXNFOA,female,12-19,nh_asian,21,959415.7217029999,0.0,True,WTSB2YR,0.6,0.6845661769144893,0.7,0.9132728378993975,1.5364762614809804,2.227732207915895,3.94583633634592
J,2017_2018,n_pfoa,LBXNFOA,female,12-19,nh_black,31,1945695.0450260004,0.0,True,WTSB2YR,0.38366202491273854,0.46928022256466395,0.5,0.6266341902449678,0.8282553405527692,1.1383236172287987,1.2175388222187147
J,2017_2018,n_pfoa,LBXNFOA,female,12-19,nh_white,40,6651016.3133189995,0.0,True,WTSB2YR,0.5,0.6,0.8083515106254774,1.2,1.7104145420148096,2.3,2.7040509298680035
J,2017_2018,n_pfoa,LBXNFOA,female,20-39,all,270,41429468.845167994,0.003703703703703704,True,WTSB2YR,0.3,0.4,0.6,0.8,1.4,2.0,2.4964597604960437
J,2017_2018,n_pfoa,LBXNFOA,female,20-39,hispanic,70,8627863.364408001,0.0,True,WTSB2YR,0.3,0.3,0.5,0.6864248140858303,1.2,1.705981053192088,2.8345565175331875
J,2017_2018,n_pfoa,LBXNFOA,female,20-39,nh_asian,35,2782905.938647,0.0,True,WTSB2YR,0.3,0.3459318482268551,0.43885352070197375,0.9,1.6963214863810623,3.1942821029728266,6.241022196720764
J,2017_2018,n_pfoa,LBXNFOA,female,20-39,nh_black,63,5377283.370973,0.015873015873015872,True,WTSB2YR,0.2,0.2,0.4,0.8,1.1,1.5,1.9451640237672403
J,2017_2018,n_pfoa,LBXNFOA,female,20-39,nh_white,88,22078000.815822,0.0,True,WTSB2YR,0.4,0.5,0.6,0.9,1.5814845653434244,2.2944584746894243,2.4
J,2017_2018,n_pfoa,LBXNFOA,female,40-59,all,258,40225380.206749,0.0,True,WTSB2YR,0.4,0.5,0.7,1.2,1.9,3.29698167225294,4.812339956953743
J,2017_2018,n_pfoa,LBXNFOA,female,40-59,hispanic,69,6397241.000543,0.0,True,WTSB2YR,0.5,0.5646902960840416,0.8,1.1,1.5,1.8527422917150003,2.7080401182272906
J,2017_2018,n_pfoa,LBXNFOA,female,40-59,nh_asian,51,2308280.3591380003,0.0,True,WTSB2YR,0.4,0.5148990859923948,0.9,1.335735135719233,2.1,2.733271704209781,5.640610526134818
J,2017_2018,n_pfoa,LBXNFOA,female,40-59,nh_black,58,4874899.842144,0.0,True,WTSB2YR,0.2130764753233717,0.4,0.5,0.8177696957627734,1.8147437280533618,2.771019185555266,3.4348808690900077
J,2017_2018,n_pfoa,LBXNFOA,female,40-59,nh_white,64,24749298.453231,0.0,True,WTSB2YR,0.5,0.6,0.7883575465695413,1.2619004230166093,2.5135142902879566,3.6754176799373384,5.4428228714361415
J,2017_2018,n_pfoa,LBXNFOA,female,60_plus,all,300,36555825.911218,0.0033333333333333335,True,WTSB2YR,0.4,0.7,1.1,1.7,2.4,3.354868446429016,4.3
J,2017_2018,n_pfoa,LBXNFOA,female,60_plus,hispanic,68,3168961.0467000003,0.0,True,WTSB2YR,0.5223041221357727,0.655869177615091,0.9,1.5,1.8355032257814798,2.602305856605276,3.9506780642230845
J,2017_2018,n_pfoa,LBXNFOA,female,60_plus,nh_asian,30,1525429.962293,0.0,True,WTSB2YR,0.9,1.0763231370922473,1.7,2.5354687136984975,3.209338040225679,4.709255015837183,6.090678585514097
J,2017_2018,n_pfoa,LBXNFOA,female,60_plus,nh_black,67,3254798.5220299996,0.0,True,WTSB2YR,0.5,0.7,1.0402562856367905,1.7,2.2468697965279287,3.427184285758546,4.211164073183502
J,2017_2018,n_pfoa,LBXNFOA,female,60_plus,nh_white,124,27600920.749739997,0.0,True,WTSB2YR,0.3,0.7360366704298781,1.2,1.8,2.5,3.458011435296348,4.183302654796781
J,2017_2018,n_pfoa,LBXNFOA,female,all_ages,all,977,131883250.73201999,0.0020470829068577278,True,WTSB2YR,0.4,0.5,0.7,1.2,1.9,2.8370401202682505,3.7
J,2017_2018,n_pfoa,LBXNFOA,female,all_ages,hispanic,253,21588645.794538997,0.0,True,WTSB2YR,0.39256530452449245,0.4,0.6,0.9997595832355912,1.4,1.803018305661244,2.667031524121675
J,2017_2018,n_pfoa,LBXNFOA,female,all_ages,nh_asian,137,7576031.981781,0.0,True,WTSB2YR,0.4,0.4,0.7,1.3,2.3,3.473059607722776,5.848458305380705
J,2017_2018,n_pfoa,LBXNFOA,female,all_ages,nh_black,219,15452676.780172998,0.0045662100456621,True,WTSB2YR,0.2,0.3961611770996752,0.6,0.9,1.5,2.453907802639428,3.286144410011396
J,2017_2018,n_pfoa,LBXNFOA,female,all_ages,nh_white,316,81079236.33211198,0.0,True,WTSB2YR,0.4,0.5,0.8,1.3,2.1,3.0,3.8107438614378157
J,2017_2018,n_pfoa,LBXNFOA,female,all_ages,other,52,6186659.843415,0.019230769230769232,True,WTSB2YR,0.3046965776928862,0.5,0.6,0.9,1.5,1.8,2.1
J,2017_2018,n_pfoa,LBXNFOA,male,12-19,all,164,15296613.12249,0.0,True,WTSB2YR,0.6,0.7,0.9,1.1,1.6,2.0295443316084074,2.3806615701008864
J,2017_2018,n_pfoa,LBXNFOA,male,12-19,hispanic,47,3821088.1412369995,0.0,True,WTSB2YR,0.5,0.6209178552874774,0.9,1.17211117844625,1.6404066130537587,1.9862113862949566,2.8
J,2017_2018,n_pfoa,LBXNFOA,male,12-19,nh_black,32,1903175.318733,0.0,True,WTSB2YR,0.592756163034599,0.7,0.9,1.1,1.4393607169123699,1.6,1.7341770558893879
J,2017_2018,n_pfoa,LBXNFOA,male,12-19,nh_white,53,8396001.468428,0.0,True,WTSB2YR,0.6451049176547214,0.7,0.9,1.1,1.603581272416265,2.1,2.271303872655851
J,2017_2018,n_pfoa,LBXNFOA,male,20-39,all,229,40232151.93553001,0.008733624454148471,True,WTSB2YR,0.6,0.7,1.1,1.4,2.0,2.462476152646356,3.164744257656363
J,2017_2018,n_pfoa,LBXNFOA,male,20-39,hispanic,60,8940790.738818998,0.016666666666666666,True,WTSB2YR,0.4,0.7,1.1,1.3,1.6,2.116897713853683,2.3
J,2017_2018,n_pfoa,LBXNFOA,male,20-39,nh_asian,34,2768442.421003,0.0,True,WTSB2YR,0.6,0.7,1.0,1.3,2.6131788513362637,6.998919090296734,14.177601514905284
J,2017_2018,n_pfoa,LBXNFOA,male,20-39,nh_black,50,4643026.319164,0.02,True,WTSB2YR,0.3623643854491755,0.542546572513357,1.0687943304538239,1.4,1.9,2.394527117320129,3.278838355119977
J,2017_2018,n_pfoa,LBXNFOA,male,20-39,nh_white,75,22367905.516028002,0.0,True,WTSB2YR,0.8257325472437871,0.9,1.1,1.5,2.0,2.6,3.0288474192536743
J,2017_2018,n_pfoa,LBXNFOA,male,40-59,all,255,38986369.558975,0.00392156862745098,True,WTSB2YR,0.7,0.9,1.1,1.5,2.2,3.4,4.073327053971589
J,2017_2018,n_pfoa,LBXNFOA,male,40-59,hispanic,49,6291695.917103999,0.0,True,WTSB2YR,0.6,0.7,0.9227263411719379,1.3475654203578076,2.1985361749621304,3.051084689829637,4.271759792644907
J,2017_2018,n_pfoa,LBXNFOA,male,40-59,nh_asian,45,1911308.0268140002,0.0,True,WTSB2YR,0.7984155198357541,0.9378269678683431,1.348331410919106,1.8,2.532777799312911,3.3428608878744552,4.9055343124938
J,2017_2018,n_pfoa,LBXNFOA,male,40-59,nh_black,57,4029431.025007,0.017543859649122806,True,WTSB2YR,0.6131433362418924,0.7,1.0,1.4,1.7,2.6122395614551053,2.9
J,2017_2018,n_pfoa,LBXNFOA,male,40-59,nh_white,89,24788004.738937,0.0,True,WTSB2YR,0.8,0.9465518767549392,1.2,1.6,2.263768824781623,3.5,4.047560478476788
J,2017_2018,n_pfoa,LBXNFOA,male,60_plus,all,304,28714474.078939997,0.006578947368421052,True,WTSB2YR,0.4,0.8,1.4,1.9,2.7,3.6526002940495306,4.4462614709307635
J,2017_2018,n_pfoa,LBXNFOA,male,60_plus,hispanic,64,2743455.01137,0.0,True,WTSB2YR,0.5,0.5,0.9,1.3,2.024377020903796,2.652229890026698,3.0672745766047047
J,2017_2018,n_pfoa,LBXNFOA,male,60_plus,nh_asian,22,1233401.4680330001,0.0,True,WTSB2YR,0.6681246087977237,1.1394590048558026,1.9,2.667987679767328,4.141820919364582,6.73875147898271,7.515152031907707
J,2017_2018,n_pfoa,LBXNFOA,male,60_plus,nh_black,72,2437702.56976,0.013888888888888888,True,WTSB2YR,0.5,0.8842280659959977,1.3,1.7327023006382072,2.6987597912273693,4.255883621090594,4.6
J,2017_2018,n_pfoa,LBXNFOA,male,60_plus,nh_white,134,21620923.131885,0.007462686567164179,True,WTSB2YR,0.35410872729754134,0.8809190694150193,1.5049300218351565,1.929593197554093,2.7,3.6,4.176619882957623
J,2017_2018,n_pfoa,LBXNFOA,male,all_ages,all,952,123229608.695935,0.005252100840336135,True,WTSB2YR,0.6,0.8,1.1,1.5,2.1,3.0,3.7
J,2017_2018,n_pfoa,LBXNFOA,male,all_ages,hispanic,220,21797029.808530003,0.004545454545454545,True,WTSB2YR,0.5,0.7,0.9,1.3,1.8,2.3,2.9
J,2017_2018,n_pfoa,LBXNFOA,male,all_ages,nh_asian,120,6502862.920532,0.0,True,WTSB2YR,0.6,0.7515309352908892,1.0,1.643725755305456,2.703344756859254,5.7461189320636405,7.29073688035502
J,2017_2018,n_pfoa,LBXNFOA,male,all_ages,nh_black,211,13013335.232664,0.014218009478672985,True,WTSB2YR,0.5,0.7,1.0,1.4,1.8,2.7,3.3
J,2017_2018,n_pfoa,LBXNFOA,male,all_ages,nh_white,351,77172834.85527799,0.002849002849002849,True,WTSB2YR,0.7,0.9,1.1,1.7,2.2,3.2,3.659091916281767
J,2017_2018,n_pfoa,LBXNFOA,male,all_ages,other,50,4743545.878931,0.0,True,WTSB2YR,0.5,0.5723637935793906,0.9,1.1,1.599223293749101,2.6,2.9
J,2017_2018,n_pfos,LBXNFOS,all,12-19,all,313,28969188.891374998,0.0,True,WTSB2YR,0.8,0.9,1.2,1.8581052147400934,2.8,4.05854921278027,5.825821742553435
J,2017_2018,n_pfos,LBXNFOS,all,12-19,hispanic,93,7215668.524125,0.0,True,WTSB2YR,0.8,0.9,1.1,1.5,2.3299584039624097,3.2,4.407291846371691
J,2017_2018,n_pfos,LBXNFOS,all,12-19,nh_asian,40,1549126.7263850002,0.0,True,WTSB2YR,0.7,0.8090962742594681,1.0,1.4,2.461094967256061,5.054534796791553,8.196569778498834
J,2017_2018,n_pfos,LBXNFOS,all,12-19,nh_black,63,3848870.3637589994,0.0,True,WTSB2YR,0.6249860010058869,0.8,1.1377270063506648,1.7,2.219116791618449,3.308666495738901,5.121333982198966
J,2017_2018,n_pfos,LBXNFOS,all,12-19,nh_white,93,15047017.781746998,0.0,True,WTSB2YR,0.8,1.0272937156080129,1.4,2.1,3.1815610177625158,4.4302815864520895,6.060309632833451
J,2017_2018,n_pfos,LBXNFOS,all,12-19,other,24,1308505.4953589998,0.0,True,WTSB2YR,1.1,1.3105948346222258,1.566713122511213,1.8,2.4651455961464785,3.773796290772825,11.650417728763436
J,2017_2018,n_pfos,LBXNFOS,all,20-39,all,499,81661620.780698,0.004008016032064128,True,WTSB2YR,0.7,0.9,1.6,2.4328498249120405,3.869641291764294,5.9,6.798748016168918
J,2017_2018,n_pfos,LBXNFOS,all,20-39,hispanic,130,17568654.103227,0.007692307692307693,True,WTSB2YR,0.6,0.7,1.2,1.9,3.1,4.859846992050658,5.784007517471787
J,2017_2018,n_pfos,LBXNFOS,all,20-39,nh_asian,69,5551348.359650001,0.0,True,WTSB2YR,0.4,0.6521690877734913,1.3,2.748257000574832,4.7969322800780905,9.79633841395341,18.349247458646783
J,2017_2018,n_pfos,LBXNFOS,all,20-39,nh_black,113,10020309.690137,0.008849557522123894,True,WTSB2YR,0.517974656848932,1.1,1.5,2.3475447221671666,3.61744646897044,6.380443625499989,7.331547167104732
J,2017_2018,n_pfos,LBXNFOS,all,20-39,nh_white,163,44445906.33185,0.0,True,WTSB2YR,0.8864610253047615,1.3,1.9,2.6,4.2,5.9,6.730164182471895
J,2017_2018,n_pfos,LBXNFOS,all,20-39,other,24,4075402.2958339998,0.0,True,WTSB2YR,0.5337006658794092,0.734219044019277,1.2,1.3868099004923276,2.9,3.461367749426173,4.557300692636029
J,2017_2018,n_pfos,LBXNFOS,all,40-59,all,513,79211749.76572399,0.001949317738791423,True,WTSB2YR,0.9,1.1,1.9,3.2,5.2,7.983257156792906,10.912343607463535
J,2017_2018,n_pfos,LBXNFOS,all,40-59,hispanic,118,12688936.917647002,0.0,True,WTSB2YR,0.7133644503673848,1.2,1.6,2.893544653656653,4.723054520927183,6.21594606251797,8.16628767367458
J,2017_2018,n_pfos,LBXNFOS,all,40-59,nh_asian,96,4219588.385952,0.0,True,WTSB2YR,0.6481504702794318,0.9,1.7060507328004983,3.4577591342035054,7.170873701574429,15.013875273663105,24.233573474904084
J,2017_2018,n_pfos,LBXNFOS,all,40-59,nh_black,115,8904330.867151,0.008695652173913044,True,WTSB2YR,0.6,1.154187901545475,1.7072343144223168,3.5035842653233837,5.890558835637514,12.617704748675738,16.691246841057676
J,2017_2018,n_pfos,LBXNFOS,all,40-59,nh_white,153,49537303.192168,0.0,True,WTSB2YR,0.9,1.1,2.2,3.2,5.405721908512972,7.432496204044695,9.483153577948723
J,2017_2018,n_pfos,LBXNFOS,all,40-59,other,31,3861590.402806,0.0,True,WTSB2YR,0.9161053203008377,1.2591410904737292,1.5,3.093747024677633,4.03780509890661,10.990810468866712,12.481798223963489
J,2017_2018,n_pfos,LBXNFOS,all,60_plus,all,604,65270299.990158,0.004966887417218543,True,WTSB2YR,0.9199323955197737,1.7,2.9,4.6,7.3,11.265246473440019,14.762457002150958
J,2017_2018,n_pfos,LBXNFOS,all,60_plus,hispanic,132,5912416.05807,0.0,True,WTSB2YR,1.3,1.5475291088208063,2.2,3.103414741025019,5.2,9.364450456549894,14.482315468063028
J,2017_2018,n_pfos,LBXNFOS,all,60_plus,nh_asian,52,2758831.430326,0.0,True,WTSB2YR,0.8283464078352986,1.303835148410563,3.4,5.6,12.769389283486426,21.9762264288269,28.662449548836232
J,2017_2018,n_pfos,LBXNFOS,all,60_plus,nh_black,139,5692501.09179,0.007194244604316547,True,WTSB2YR,1.8645693413469275,2.5,3.7,6.9365473452511806,13.288527303496203,26.748588046792865,52.94926597056572
J,2017_2018,n_pfos,LBXNFOS,all,60_plus,nh_white,258,49221843.881625,0.003875968992248062,True,WTSB2YR,0.9078412124684406,1.6640309451362498,2.9,4.6,7.138936923877603,9.97150063655554,12.830298682291527
J,2017_2018,n_pfos,LBXNFOS,all,60_plus,other,23,1684707.5283470002,0.043478260869565216,True,WTSB2YR,1.4006603068316519,1.4995607967450224,3.5,5.076309964339577,5.781689616452604,6.123750850598955,9.29337230028285
J,2017_2018,n_pfos,LBXNFOS,all,all_ages,all,1929,255112859.42795503,0.003110419906687403,True,WTSB2YR,0.8,1.1,1.7,3.0,5.1,7.8,10.4
J,2017_2018,n_pfos,LBXNFOS,all,all_ages,hispanic,473,43385675.60306901,0.0021141649048625794,True,WTSB2YR,0.7,0.9,1.3,2.2,3.8,5.7,7.382530224247816
J,2017_2018,n_pfos,LBXNFOS,all,all_ages,nh_asian,257,14078894.902313,0.0,True,WTSB2YR,0.5,0.9,1.4,3.1,6.335148674507079,14.505449765172575,20.076184325506475
J,2017_2018,n_pfos,LBXNFOS,all,all_ages,nh_black,430,28466012.012837,0.0069767441860465115,True,WTSB2YR,0.6630095013923456,1.1,1.6,3.0,5.4,11.784311508717,16.67517079078874
J,2017_2018,n_pfos,LBXNFOS,all,all_ages,nh_white,667,158252071.18738997,0.0014992503748125937,True,WTSB2YR,0.9,1.3,2.0,3.3,5.5,7.783347232248438,9.6
J,2017_2018,n_pfos,LBXNFOS,all,all_ages,other,102,10930205.722346,0.00980392156862745,True,WTSB2YR,0.7945705585400514,1.0394630013454822,1.4,2.3796891145595493,3.6,5.714396480206625,9.99978213504401
J,2017_2018,n_pfos,LBXNFOS,female,12-19,all,149,13672575.768884998,0.0,True,WTSB2YR,0.7,0.8,1.1,1.6,2.3,3.5,5.371622605127325
J,2017_2018,n_pfos,LBXNFOS,female,12-19,hispanic,46,3394580.382888,0.0,True,WTSB2YR,0.7,0.8,0.9799355173647954,1.3,1.8380496733593488,2.6428571262509495,2.8
J,2017_2018,n_pfos,LBXNFOS,female,12-19,nh_asian,21,959415.7217029999,0.0,True,WTSB2YR,0.6666800787177111,0.7819722442056294,0.9672162859222169,1.4,1.699892270679642,3.278929877624015,6.909392211136757
J,2017_2018,n_pfos,LBXNFOS,female,12-19,nh_black,31,1945695.0450260004,0.0,True,WTSB2YR,0.4139472410624498,0.7055828238598392,1.0,1.3306751856176957,1.7,2.2776991280594583,2.744804800620768
J,2017_2018,n_pfos,LBXNFOS,female,12-19,nh_white,40,6651016.3133189995,0.0,True,WTSB2YR,0.7876008741992923,1.0,1.2565613905393,1.9,3.3,4.392911004802738,6.374482936861737
J,2017_2018,n_pfos,LBXNFOS,female,20-39,all,270,41429468.845167994,0.003703703703703704,True,WTSB2YR,0.6,0.8,1.2,1.9,3.0,4.0,5.451118263070403
J,2017_2018,n_pfos,LBXNFOS,female,20-39,hispanic,70,8627863.364408001,0.0,True,WTSB2YR,0.5196415115077551,0.6,0.8,1.3,2.0,3.0024354241464057,4.345676263823435
J,2017_2018,n_pfos,LBXNFOS,female,20-39,nh_asian,35,2782905.938647,0.0,True,WTSB2YR,0.34852731635108053,0.4,0.8864201330651609,2.256316218319274,3.495847542876235,4.831840161209229,5.865173761710228
J,2017_2018,n_pfos,LBXNFOS,female,20-39,nh_black,63,5377283.370973,0.015873015873015872,True,WTSB2YR,0.5259920179411584,0.9,1.3,1.8,3.1,3.9951277333536557,5.659149719419349
J,2017_2018,n_pfos,LBXNFOS,female,20-39,nh_white,88,22078000.815822,0.0,True,WTSB2YR,0.8,0.8792916763996137,1.4891163533648946,2.0,3.2,4.132653932824525,5.838150799278051
J,2017_2018,n_pfos,LBXNFOS,female,40-59,all,258,40225380.206749,0.0,True,WTSB2YR,0.8,0.9,1.5,2.3,4.330862963160661,6.0,9.520458357038974
J,2017_2018,n_pfos,LBXNFOS,female,40-59,hispanic,69,6397241.000543,0.0,True,WTSB2YR,0.6765864157898067,0.8745460485328513,1.4,1.9689403621935841,3.6889791246022576,5.832601717673267,7.753998185302087
J,2017_2018,n_pfos,LBXNFOS,female,40-59,nh_asian,51,2308280.3591380003,0.0,True,WTSB2YR,0.5036548832767129,0.8995619474915251,1.1,2.4794538320190327,5.824640354823111,17.452840164624575,26.78901945890642
J,2017_2018,n_pfos,LBXNFOS,female,40-59,nh_black,58,4874899.842144,0.0,True,WTSB2YR,0.45481680845340067,0.9350732600726818,1.5,2.2451447688193134,4.626939837513189,12.569024018195309,19.789639141738398
J,2017_2018,n_pfos,LBXNFOS,female,40-59,nh_white,64,24749298.453231,0.0,True,WTSB2YR,0.8386929271098345,0.9,1.5,2.4,4.370172543103695,5.9741876476957065,9.163066814161583
J,2017_2018,n_pfos,LBXNFOS,female,60_plus,all,300,36555825.911218,0.0033333333333333335,True,WTSB2YR,0.9706478654443342,1.5,2.2,3.699177339955322,6.116102185027413,9.727239366624948,12.26317170102411
J,2017_2018,n_pfos,LBXNFOS,female,60_plus,hispanic,68,3168961.0467000003,0.0,True,WTSB2YR,1.3474215016142113,1.4306918176879893,2.1,3.0,4.658065744219846,12.66744279776223,17.09828072058999
J,2017_2018,n_pfos,LBXNFOS,female,60_plus,nh_asian,30,1525429.962293,0.0,True,WTSB2YR,0.6882107545648477,1.3666464312907307,3.183467465281246,5.367026334245211,10.83900469218854,15.191183496853155,22.69820065015505
J,2017_2018,n_pfos,LBXNFOS,female,60_plus,nh_black,67,3254798.5220299996,0.0,True,WTSB2YR,1.607491924567632,2.1,3.4359635277277776,6.169343001238964,11.969126723362296,26.46758140977549,48.219066149924004
J,2017_2018,n_pfos,LBXNFOS,female,60_plus,nh_white,124,27600920.749739997,0.0,True,WTSB2YR,0.9039599567960642,1.4,2.1,3.6,5.9,7.216196672721926,10.538381383432291
J,2017_2018,n_pfos,LBXNFOS,female,all_ages,all,977,131883250.73201999,0.0020470829068577278,True,WTSB2YR,0.7,0.9,1.4,2.3,3.9,6.5,9.356622855988512
J,2017_2018,n_pfos,LBXNFOS,female,all_ages,hispanic,253,21588645.794538997,0.0,True,WTSB2YR,0.6,0.7,1.1,1.6,2.7,4.973645068030688,6.286150191104754
J,2017_2018,n_pfos,LBXNFOS,female,all_ages,nh_asian,137,7576031.981781,0.0,True,WTSB2YR,0.4202958252756429,0.6,1.1,2.5,5.2,12.89935211085761,18.04149966271811
J,2017_2018,n_pfos,LBXNFOS,female,all_ages,nh_black,219,15452676.780172998,0.0045662100456621,True,WTSB2YR,0.6,0.9,1.4,2.2,4.453445121691208,11.056506711244527,17.17170124310969
J,2017_2018,n_pfos,LBXNFOS,female,all_ages,nh_white,316,81079236.33211198,0.0,True,WTSB2YR,0.8,0.9,1.7,2.5,4.296188030224674,6.599250666394549,8.927127073275429
J,2017_2018,n_pfos,LBXNFOS,female,all_ages,other,52,6186659.843415,0.019230769230769232,True,WTSB2YR,0.8,0.9817446126274035,1.2,2.1,3.3,5.672352226037663,5.782653951674423
J,2017_2018,n_pfos,LBXNFOS,male,12-19,all,164,15296613.12249,0.0,True,WTSB2YR,0.9,1.1,1.5,2.1,3.0963551106506797,4.466353809979462,6.034970573938696
J,2017_2018,n_pfos,LBXNFOS,male,12-19,hispanic,47,3821088.1412369995,0.0,True,WTSB2YR,0.8576122763073954,0.9,1.265851494602174,1.626771653770526,2.8,4.296454997542984,8.379558867710902
J,2017_2018,n_pfos,LBXNFOS,male,12-19,nh_black,32,1903175.318733,0.0,True,WTSB2YR,0.8405072666694444,1.193058233457528,1.6250603304187126,2.127412269578274,3.0879881499959536,5.294893065683366,11.54450137993052
J,2017_2018,n_pfos,LBXNFOS,male,12-19,nh_white,53,8396001.468428,0.0,True,WTSB2YR,1.0235841596206856,1.1,1.7,2.2142550427000947,3.1,4.4188528733698424,5.491617091302383
J,2017_2018,n_pfos,LBXNFOS,male,20-39,all,229,40232151.93553001,0.004366812227074236,True,WTSB2YR,1.2,1.5,2.2,3.3,4.879926281437372,6.184033635060764,7.23587011362309
J,2017_2018,n_pfos,LBXNFOS,male,20-39,hispanic,60,8940790.738818998,0.016666666666666666,True,WTSB2YR,0.8844453988572973,1.2761615893383427,1.8610846239350054,2.6,4.0,5.349838236360299,6.277636591430364
J,2017_2018,n_pfos,LBXNFOS,male,20-39,nh_asian,34,2768442.421003,0.0,True,WTSB2YR,0.9693653070817612,1.2,1.837688816905526,3.374654294808652,7.0017267856139105,17.944983051327853,19.242118262321366
J,2017_2018,n_pfos,LBXNFOS,male,20-39,nh_black,50,4643026.319164,0.0,True,WTSB2YR,0.8779377489947688,1.3903186494061222,2.22370106024283,3.1233181244055155,5.134650403375432,7.011925052525671,7.969461414923719
J,2017_2018,n_pfos,LBXNFOS,male,20-39,nh_white,75,22367905.516028002,0.0,True,WTSB2YR,1.5618178327597507,1.7,2.4484280940552545,3.7714354197332995,5.0,5.971204800257799,6.880495458602271
J,2017_2018,n_pfos,LBXNFOS,male,40-59,all,255,38986369.558975,0.00392156862745098,True,WTSB2YR,1.3,1.7,2.7,3.9,6.0,8.1,11.195455185693175
J,2017_2018,n_pfos,LBXNFOS,male,40-59,hispanic,49,6291695.917103999,0.0,True,WTSB2YR,1.1913705647075332,1.3840859171724158,2.5,3.84159447080249,5.158800778467189,6.561526244129004,8.42300871364135
J,2017_2018,n_pfos,LBXNFOS,male,40-59,nh_asian,45,1911308.0268140002,0.0,True,WTSB2YR,0.937053401096554,1.035227927448914,2.7030680251318797,4.64587025805683,8.161398978948194,12.228715644942744,21.002755592146528
J,2017_2018,n_pfos,LBXNFOS,male,40-59,nh_black,57,4029431.025007,0.017543859649122806,True,WTSB2YR,1.1209636016291915,1.6031971715915008,3.3449025745961376,4.43568923041506,7.412462446746621,12.69586536534324,14.098271347689183
J,2017_2018,n_pfos,LBXNFOS,male,40-59,nh_white,89,24788004.738937,0.0,True,WTSB2YR,1.5955339645167357,2.2,2.725381294338111,3.9186961096621427,6.0,7.967623529013151,9.916037204550108
J,2017_2018,n_pfos,LBXNFOS,male,60_plus,all,304,28714474.078939997,0.006578947368421052,True,WTSB2YR,1.0823627438183299,2.2,3.7227473841500376,6.1,9.289472803250545,13.2,16.281188664264118
J,2017_2018,n_pfos,LBXNFOS,male,60_plus,hispanic,64,2743455.01137,0.0,True,WTSB2YR,0.8,1.5838238917088856,2.5,3.9,5.75921317354239,9.121815892155672,10.186210762911502
J,2017_2018,n_pfos,LBXNFOS,male,60_plus,nh_asian,22,1233401.4680330001,0.0,True,WTSB2YR,0.8789081696922998,1.1679589987514603,4.538914617675383,6.036681724144844,15.661957173938747,27.292799168356925,29.534112604750277
J,2017_2018,n_pfos,LBXNFOS,male,60_plus,nh_black,72,2437702.56976,0.013888888888888888,True,WTSB2YR,2.138709185284174,2.866248237439099,4.605735882489235,7.7,13.412242818992466,27.697579969870674,46.094081224436835
J,2017_2018,n_pfos,LBXNFOS,male,60_plus,nh_white,134,21620923.131885,0.007462686567164179,True,WTSB2YR,1.2807492972351953,2.3117069038214355,4.0,6.399557220883292,9.26680865953061,11.638392456458137,14.938038591856593
J,2017_2018,n_pfos,LBXNFOS,male,all_ages,all,952,123229608.695935,0.004201680672268907,True,WTSB2YR,1.2,1.5,2.3,3.7,5.9,9.1,11.3
J,2017_2018,n_pfos,LBXNFOS,male,all_ages,hispanic,220,21797029.808530003,0.004545454545454545,True,WTSB2YR,0.9,1.2,1.8,2.8,4.4,6.1,7.804958689998851
J,2017_2018,n_pfos,LBXNFOS,male,all_ages,nh_asian,120,6502862.920532,0.0,True,WTSB2YR,0.9,1.1,1.9,4.232017459429575,8.024329176638705,17.666057660368434,20.725941542057978
J,2017_2018,n_pfos,LBXNFOS,male,all_ages,nh_black,211,13013335.232664,0.009478672985781991,True,WTSB2YR,1.1,1.4,2.361816050094236,3.7,6.6518512367001845,12.557556947578613,14.86499233454145
J,2017_2018,n_pfos,LBXNFOS,male,all_ages,nh_white,351,77172834.85527799,0.002849002849002849,True,WTSB2YR,1.3,1.7,2.6,4.0,6.1033000682626035,9.091115332673983,10.3
J,2017_2018,n_pfos,LBXNFOS,male,all_ages,other,50,4743545.878931,0.0,True,WTSB2YR,0.5675607864057853,1.1,1.5,2.9,4.28091301689401,10.362947382449535,13.43682297679196
J,2017_2018,sb_pfoa,LBXBFOA,all,12-19,all,313,28969188.891374998,0.865814696485623,True,WTSB2YR,0.07,0.07,0.07,0.07,0.07,0.1,0.2
J,2017_2018,sb_pfoa,LBXBFOA,all,12-19,hispanic,93,7215668.524125,0.8602150537634409,True,WTSB2YR,0.07,0.07,0.07,0.07,0.07,0.1,0.14578144088027517
J,2017_2018,sb_pfoa,LBXBFOA,all,12-19,nh_asian,40,1549126.7263850002,0.85,True,WTSB2YR,0.07,0.07,0.07,0.07,0.07,0.2,0.2
J,2017_2018,sb_pfoa,LBXBFOA,all,12-19,nh_black,63,3848870.3637589994,0.9047619047619048,True,WTSB2YR,0.07,0.07,0.07,0.07,0.07,0.07048646952689953,0.2
J,2017_2018,sb_pfoa,LBXBFOA,all,12-19,nh_white,93,15047017.781746998,0.8817204301075269,True,WTSB2YR,0.07,0.07,0.07,0.07,0.07,0.1,0.2
J,2017_2018,sb_pfoa,LBXBFOA,all,12-19,other,24,1308505.4953589998,0.75,True,WTSB2YR,0.07,0.07,0.07,0.07,0.1,0.2,0.2671564198097814
J,2017_2018,sb_pfoa,LBXBFOA,all,20-39,all,499,81661620.780698,0.9178356713426854,True,WTSB2YR,0.07,0.07,0.07,0.07,0.07,0.07,0.1
J,2017_2018,sb_pfoa,LBXBFOA,all,20-39,hispanic,130,17568654.103227,0.9076923076923077,True,WTSB2YR,0.07,0.07,0.07,0.07,0.07,0.07,0.1404521320059893
J,2017_2018,sb_pfoa,LBXBFOA,all,20-39,nh_asian,69,5551348.359650001,0.9130434782608695,True,WTSB2YR,0.07,0.07,0.07,0.07,0.07,0.07,0.1
J,2017_2018,sb_pfoa,LBXBFOA,all,20-39,nh_black,113,10020309.690137,0.9380530973451328,True,WTSB2YR,0.07,0.07,0.07,0.07,0.07,0.07,0.09370821662268457
J,2017_2018,sb_pfoa,LBXBFOA,all,20-39,nh_white,163,44445906.33185,0.9263803680981595,True,WTSB2YR,0.07,0.07,0.07,0.07,0.07,0.07,0.1
J,2017_2018,sb_pfoa,LBXBFOA,all,20-39,other,24,4075402.2958339998,0.8333333333333334,True,WTSB2YR,0.07,0.07,0.07,0.07,0.07,0.07519595976925408,0.13906699534276679
J,2017_2018,sb_pfoa,LBXBFOA,all,40-59,all,513,79211749.76572399,0.9005847953216374,True,WTSB2YR,0.07,0.07,0.07,0.07,0.07,0.07,0.1
J,2017_2018,sb_pfoa,LBXBFOA,all,40-59,hispanic,118,12688936.917647002,0.8898305084745762,True,WTSB2YR,0.07,0.07,0.07,0.07,0.07,0.07,0.15403690786616417
J,2017_2018,sb_pfoa,LBXBFOA,all,40-59,nh_asian,96,4219588.385952,0.8854166666666666,True,WTSB2YR,0.07,0.07,0.07,0.07,0.07,0.1,0.2
J,2017_2018,sb_pfoa,LBXBFOA,all,40-59,nh_black,115,8904330.867151,0.9304347826086956,True,WTSB2YR,0.07,0.07,0.07,0.07,0.07,0.07,0.1
J,2017_2018,sb_pfoa,LBXBFOA,all,40-59,nh_white,153,49537303.192168,0.8823529411764706,True,WTSB2YR,0.07,0.07,0.07,0.07,0.07,0.07306356113228647,0.1
J,2017_2018,sb_pfoa,LBXBFOA,all,40-59,other,31,3861590.402806,0.967741935483871,True,WTSB2YR,0.07,0.07,0.07,0.07,0.07,0.07,0.07
J,2017_2018,sb_pfoa,LBXBFOA,all,60_plus,all,604,65270299.990158,0.9039735099337748,True,WTSB2YR,0.07,0.07,0.07,0.07,0.07,0.1,0.2
J,2017_2018,sb_pfoa,LBXBFOA,all,60_plus,hispanic,132,5912416.05807,0.9545454545454546,True,WTSB2YR,0.07,0.07,0.07,0.07,0.07,0.07,0.07
J,2017_2018,sb_pfoa,LBXBFOA,all,60_plus,nh_asian,52,2758831.430326,0.8076923076923077,True,WTSB2YR,0.07,0.07,0.07,0.07,0.07,0.2,0.38966687184620835
J,2017_2018,sb_pfoa,LBXBFOA,all,60_plus,nh_black,139,5692501.09179,0.9424460431654677,True,WTSB2YR,0.07,0.07,0.07,0.07,0.07,0.07,0.1
J,2017_2018,sb_pfoa,LBXBFOA,all,60_plus,nh_white,258,49221843.881625,0.8875968992248062,True,WTSB2YR,0.07,0.07,0.07,0.07,0.07,0.1,0.2
J,2017_2018,sb_pfoa,LBXBFOA,all,60_plus,other,23,1684707.5283470002,0.782608695652174,True,WTSB2YR,0.07,0.07,0.07,0.07,0.07,0.1,0.1
J,2017_2018,sb_pfoa,LBXBFOA,all,all_ages,all,1929,255112859.42795503,0.9004665629860031,True,WTSB2YR,0.07,0.07,0.07,0.07,0.07,0.07,0.2
J,2017_2018,sb_pfoa,LBXBFOA,all,all_ages,hispanic,473,43385675.60306901,0.9069767441860465,True,WTSB2YR,0.07,0.07,0.07,0.07,0.07,0.07,0.1
J,2017_2018,sb_pfoa,LBXBFOA,all,all_ages,nh_asian,257,14078894.902313,0.8715953307392996,True,WTSB2YR,0.07,0.07,0.07,0.07,0.07,0.1,0.2
J,2017_2018,sb_pfoa,LBXBFOA,all,all_ages,nh_black,430,28466012.012837,0.9325581395348838,True,WTSB2YR,0.07,0.07,0.07,0.07,0.07,0.07,0.1
J,2017_2018,sb_pfoa,LBXBFOA,all,all_ages,nh_white,667,158252071.18738997,0.8950524737631185,True,WTSB2YR,0.07,0.07,0.07,0.07,0.07,0.097258618984365,0.2
J,2017_2018,sb_pfoa,LBXBFOA,all,all_ages,other,102,10930205.722346,0.8431372549019608,True,WTSB2YR,0.07,0.07,0.07,0.07,0.07,0.07,0.1
J,2017_2018,sb_pfoa,LBXBFOA,female,12-19,all,149,13672575.768884998,0.8926174496644296,True,WTSB2YR,0.07,0.07,0.07,0.07,0.07,0.07,0.2
J,2017_2018,sb_pfoa,LBXBFOA,female,12-19,hispanic,46,3394580.382888,0.9130434782608695,True,WTSB2YR,0.07,0.07,0.07,0.07,0.07,0.07,0.1
J,2017_2018,sb_pfoa,LBXBFOA,female,12-19,nh_asian,21,959415.7217029999,0.8095238095238095,True,WTSB2YR,0.07,0.07,0.07,0.07,0.07,0.2,0.2
J,2017_2018,sb_pfoa,LBXBFOA,female,12-19,nh_black,31,1945695.0450260004,0.9032258064516129,True,WTSB2YR,0.07,0.07,0.07,0.07,0.07,0.08091577204184809,0.17584690300065967
J,2017_2018,sb_pfoa,LBXBFOA,female,12-19,nh_white,40,6651016.3133189995,0.925,True,WTSB2YR,0.07,0.07,0.07,0.07,0.07,0.07,0.196163744588581
J,2017_2018,sb_pfoa,LBXBFOA,female,20-39,all,270,41429468.845167994,0.9333333333333333,True,WTSB2YR,0.07,0.07,0.07,0.07,0.07,0.07,0.1
J,2017_2018,sb_pfoa,LBXBFOA,female,20-39,hispanic,70,8627863.364408001,0.9285714285714286,True,WTSB2YR,0.07,0.07,0.07,0.07,0.07,0.07,0.1
J,2017_2018,sb_pfoa,LBXBFOA,female,20-39,nh_asian,35,2782905.938647,0.8857142857142857,True,WTSB2YR,0.07,0.07,0.07,0.07,0.07,0.08660572571448645,0.1
J,2017_2018,sb_pfoa,LBXBFOA,female,20-39,nh_black,63,5377283.370973,0.9682539682539683,True,WTSB2YR,0.07,0.07,0.07,0.07,0.07,0.07,0.07
J,2017_2018,sb_pfoa,LBXBFOA,female,20-39,nh_white,88,22078000.815822,0.9431818181818182,True,WTSB2YR,0.07,0.07,0.07,0.07,0.07,0.07,0.09897274826879013
J,2017_2018,sb_pfoa,LBXBFOA,female,40-59,all,258,40225380.206749,0.9069767441860465,True,WTSB2YR,0.07,0.07,0.07,0.07,0.07,0.07,0.1
J,2017_2018,sb_pfoa,LBXBFOA,female,40-59,hispanic,69,6397241.000543,0.9130434782608695,True,WTSB2YR,0.07,0.07,0.07,0.07,0.07,0.07,0.1
J,2017_2018,sb_pfoa,LBXBFOA,female,40-59,nh_asian,51,2308280.3591380003,0.9215686274509803,True,WTSB2YR,0.07,0.07,0.07,0.07,0.07,0.07,0.2
J,2017_2018,sb_pfoa,LBXBFOA,female,40-59,nh_black,58,4874899.842144,0.9137931034482759,True,WTSB2YR,0.07,0.07,0.07,0.07,0.07,0.07124904543601326,0.15403924621207474
J,2017_2018,sb_pfoa,LBXBFOA,female,40-59,nh_white,64,24749298.453231,0.875,True,WTSB2YR,0.07,0.07,0.07,0.07,0.07,0.09568478422243051,0.1
J,2017_2018,sb_pfoa,LBXBFOA,female,60_plus,all,300,36555825.911218,0.9066666666666666,True,WTSB2YR,0.07,0.07,0.07,0.07,0.07,0.1,0.2
J,2017_2018,sb_pfoa,LBXBFOA,female,60_plus,hispanic,68,3168961.0467000003,0.9558823529411765,True,WTSB2YR,0.07,0.07,0.07,0.07,0.07,0.07,0.07683814695979271
J,2017_2018,sb_pfoa,LBXBFOA,female,60_plus,nh_asian,30,1525429.962293,0.7666666666666667,True,WTSB2YR,0.07,0.07,0.07,0.07,0.1,0.30242217851619874,0.6385202275336299
J,2017_2018,sb_pfoa,LBXBFOA,female,60_plus,nh_black,67,3254798.5220299996,0.9552238805970149,True,WTSB2YR,0.07,0.07,0.07,0.07,0.07,0.07,0.07
J,2017_2018,sb_pfoa,LBXBFOA,female,60_plus,nh_white,124,27600920.749739997,0.8951612903225806,True,WTSB2YR,0.07,0.07,0.07,0.07,0.07,0.164149048666747,0.2
J,2017_2018,sb_pfoa,LBXBFOA,female,all_ages,all,977,131883250.73201999,0.9119754350051177,True,WTSB2YR,0.07,0.07,0.07,0.07,0.07,0.07,0.1
J,2017_2018,sb_pfoa,LBXBFOA,female,all_ages,hispanic,253,21588645.794538997,0.9288537549407114,True,WTSB2YR,0.07,0.07,0.07,0.07,0.07,0.07,0.1
J,2017_2018,sb_pfoa,LBXBFOA,female,all_ages,nh_asian,137,7576031.981781,0.8613138686131386,True,WTSB2YR,0.07,0.07,0.07,0.07,0.07,0.1,0.2
J,2017_2018,sb_pfoa,LBXBFOA,female,all_ages,nh_black,219,15452676.780172998,0.9406392694063926,True,WTSB2YR,0.07,0.07,0.07,0.07,0.07,0.07,0.1
J,2017_2018,sb_pfoa,LBXBFOA,female,all_ages,nh_white,316,81079236.33211198,0.9082278481012658,True,WTSB2YR,0.07,0.07,0.07,0.07,0.07,0.07,0.2
J,2017_2018,sb_pfoa,LBXBFOA,female,all_ages,other,52,6186659.843415,0.8653846153846154,True,WTSB2YR,0.07,0.07,0.07,0.07,0.07,0.07,0.10466645218903031
J,2017_2018,sb_pfoa,LBXBFOA,male,12-19,all,164,15296613.12249,0.8414634146341463,True,WTSB2YR,0.07,0.07,0.07,0.07,0.07,0.1,0.2
J,2017_2018,sb_pfoa,LBXBFOA,male,12-19,hispanic,47,3821088.1412369995,0.8085106382978723,True,WTSB2YR,0.07,0.07,0.07,0.07,0.07,0.1,0.2
J,2017_2018,sb_pfoa,LBXBFOA,male,12-19,nh_black,32,1903175.318733,0.90625,True,WTSB2YR,0.07,0.07,0.07,0.07,0.07,0.12470704587195483,0.2
J,2017_2018,sb_pfoa,LBXBFOA,male,12-19,nh_white,53,8396001.468428,0.8490566037735849,True,WTSB2YR,0.07,0.07,0.07,0.07,0.07,0.10436177040532055,0.2
J,2017_2018,sb_pfoa,LBXBFOA,male,20-39,all,229,40232151.93553001,0.8995633187772926,True,WTSB2YR,0.07,0.07,0.07,0.07,0.07,0.1,0.2
J,2017_2018,sb_pfoa,LBXBFOA,male,20-39,hispanic,60,8940790.738818998,0.8833333333333333,True,WTSB2YR,0.07,0.07,0.07,0.07,0.07,0.1,0.2
J,2017_2018,sb_pfoa,LBXBFOA,male,20-39,nh_asian,34,2768442.421003,0.9411764705882353,True,WTSB2YR,0.07,0.07,0.07,0.07,0.07,0.07,0.08442333643180995
J,2017_2018,sb_pfoa,LBXBFOA,male,20-39,nh_black,50,4643026.319164,0.9,True,WTSB2YR,0.07,0.07,0.07,0.07,0.07,0.07,0.1449167392246456
J,2017_2018,sb_pfoa,LBXBFOA,male,20-39,nh_white,75,22367905.516028002,0.9066666666666666,True,WTSB2YR,0.07,0.07,0.07,0.07,0.07,0.1,0.2
J,2017_2018,sb_pfoa,LBXBFOA,male,40-59,all,255,38986369.558975,0.8941176470588236,True,WTSB2YR,0.07,0.07,0.07,0.07,0.07,0.07,0.2
J,2017_2018,sb_pfoa,LBXBFOA,male,40-59,hispanic,49,6291695.917103999,0.8571428571428571,True,WTSB2YR,0.07,0.07,0.07,0.07,0.07,0.1,0.2
J,2017_2018,sb_pfoa,LBXBFOA,male,40-59,nh_asian,45,1911308.0268140002,0.8444444444444444,True,WTSB2YR,0.07,0.07,0.07,0.07,0.07,0.19112156414408624,0.2
J,2017_2018,sb_pfoa,LBXBFOA,male,40-59,nh_black,57,4029431.025007,0.9473684210526315,True,WTSB2YR,0.07,0.07,0.07,0.07,0.07,0.07,0.08146993444078086
J,2017_2018,sb_pfoa,LBXBFOA,male,40-59,nh_white,89,24788004.738937,0.8876404494382022,True,WTSB2YR,0.07,0.07,0.07,0.07,0.07,0.07,0.2
J,2017_2018,sb_pfoa,LBXBFOA,male,60_plus,all,304,28714474.078939997,0.9013157894736842,True,WTSB2YR,0.07,0.07,0.07,0.07,0.07,0.07,0.2
J,2017_2018,sb_pfoa,LBXBFOA,male,60_plus,hispanic,64,2743455.01137,0.953125,True,WTSB2YR,0.07,0.07,0.07,0.07,0.07,0.07,0.07
J,2017_2018,sb_pfoa,LBXBFOA,male,60_plus,nh_asian,22,1233401.4680330001,0.8636363636363636,True,WTSB2YR,0.07,0.07,0.07,0.07,0.07,0.2,0.2
J,2017_2018,sb_pfoa,LBXBFOA,male,60_plus,nh_black,72,2437702.56976,0.9305555555555556,True,WTSB2YR,0.07,0.07,0.07,0.07,0.07,0.07,0.17507322228474687
J,2017_2018,sb_pfoa,LBXBFOA,male,60_plus,nh_white,134,21620923.131885,0.8805970149253731,True,WTSB2YR,0.07,0.07,0.07,0.07,0.07,0.1,0.2
J,2017_2018,sb_pfoa,LBXBFOA,male,all_ages,all,952,123229608.695935,0.8886554621848739,True,WTSB2YR,0.07,0.07,0.07,0.07,0.07,0.1,0.2
J,2017_2018,sb_pfoa,LBXBFOA,male,all_ages,hispanic,220,21797029.808530003,0.8818181818181818,True,WTSB2YR,0.07,0.07,0.07,0.07,0.07,0.1,0.2
J,2017_2018,sb_pfoa,LBXBFOA,male,all_ages,nh_asian,120,6502862.920532,0.8833333333333333,True,WTSB2YR,0.07,0.07,0.07,0.07,0.07,0.1,0.2
J,2017_2018,sb_pfoa,LBXBFOA,male,all_ages,nh_black,211,13013335.232664,0.9241706161137441,True,WTSB2YR,0.07,0.07,0.07,0.07,0.07,0.07,0.1
J,2017_2018,sb_pfoa,LBXBFOA,male,all_ages,nh_white,351,77172834.85527799,0.8831908831908832,True,WTSB2YR,0.07,0.07,0.07,0.07,0.07,0.1,0.2
J,2017_2018,sb_pfoa,LBXBFOA,male,all_ages,other,50,4743545.878931,0.82,True,WTSB2YR,0.07,0.07,0.07,0.07,0.07,0.1,0.1
J,2017_2018,sm_pfos,LBXMFOS,all,12-19,all,313,28969188.891374998,0.0,True,WTSB2YR,0.3,0.4,0.5,0.7,1.0513928465167792,1.7,2.0251660915169225
J,2017_2018,sm_pfos,LBXMFOS,all,12-19,hispanic,93,7215668.524125,0.0,True,WTSB2YR,0.3,0.4,0.4,0.5683573472241215,0.8,1.2605903107513434,1.655638876553274
J,2017_2018,sm_pfos,LBXMFOS,all,12-19,nh_asian,40,1549126.7263850002,0.0,True,WTSB2YR,0.3,0.3,0.4,0.5,0.7,1.711875166498006,2.2470783263208713
J,2017_2018,sm_pfos,LBXMFOS,all,12-19,nh_black,63,3848870.3637589994,0.0,True,WTSB2YR,0.3,0.3,0.4,0.5,0.7,1.044520443960129,2.0
J,2017_2018,sm_pfos,LBXMFOS,all,12-19,nh_white,93,15047017.781746998,0.0,True,WTSB2YR,0.2970357035150441,0.4,0.6,0.8,1.2,1.9270848803335787,2.3086839153464425
J,2017_2018,sm_pfos,LBXMFOS,all,12-19,other,24,1308505.4953589998,0.0,True,WTSB2YR,0.4,0.4,0.4,0.6063186231011838,0.9242136568165145,1.4120232190803959,1.5
J,2017_2018,sm_pfos,LBXMFOS,all,20-39,all,499,81661620.780698,0.006012024048096192,True,WTSB2YR,0.20960178554104544,0.3,0.6,0.9,1.5,2.3,3.015993996530435
J,2017_2018,sm_pfos,LBXMFOS,all,20-39,hispanic,130,17568654.103227,0.007692307692307693,True,WTSB2YR,0.2,0.3,0.4,0.8,1.171655127050279,1.8854965021747605,2.291242988551257
J,2017_2018,sm_pfos,LBXMFOS,all,20-39,nh_asian,69,5551348.359650001,0.0,True,WTSB2YR,0.2,0.3,0.4804224628835181,0.9,1.4712206422611975,2.6881701647439082,3.3207860342759767
J,2017_2018,sm_pfos,LBXMFOS,all,20-39,nh_black,113,10020309.690137,0.017699115044247787,True,WTSB2YR,0.16468764429232816,0.3,0.5,0.7,1.4,1.9723489582932876,2.5465875594291587
J,2017_2018,sm_pfos,LBXMFOS,all,20-39,nh_white,163,44445906.33185,0.0,True,WTSB2YR,0.3,0.5,0.7,1.0,1.7962691712443957,2.3,3.260255790484791
J,2017_2018,sm_pfos,LBXMFOS,all,20-39,other,24,4075402.2958339998,0.0,True,WTSB2YR,0.2,0.2,0.5403930450515085,0.8,1.4631746364985083,1.7617636365728238,3.426988402687311
J,2017_2018,sm_pfos,LBXMFOS,all,40-59,all,513,79211749.76572399,0.011695906432748537,True,WTSB2YR,0.33334312246665004,0.5,0.8,1.4,2.3,3.3812153345935205,3.8
J,2017_2018,sm_pfos,LBXMFOS,all,40-59,hispanic,118,12688936.917647002,0.0,True,WTSB2YR,0.36905339853240304,0.4,0.6,1.2,1.9964698170623738,3.0097915105444586,3.383534130962423
J,2017_2018,sm_pfos,LBXMFOS,all,40-59,nh_asian,96,4219588.385952,0.020833333333333332,True,WTSB2YR,0.3,0.4,0.6736236455871584,1.1200092237432302,2.1,3.5443250784986287,4.0
J,2017_2018,sm_pfos,LBXMFOS,all,40-59,nh_black,115,8904330.867151,0.034782608695652174,True,WTSB2YR,0.2,0.4,0.6235654830126496,1.2,2.327850786634153,3.481309462997645,4.407560182983863
J,2017_2018,sm_pfos,LBXMFOS,all,40-59,nh_white,153,49537303.192168,0.0,True,WTSB2YR,0.4,0.5,0.9,1.6,2.3,3.6,3.9676671291548056
J,2017_2018,sm_pfos,LBXMFOS,all,40-59,other,31,3861590.402806,0.0,True,WTSB2YR,0.4224617744447865,0.5,1.0,1.2388533290886503,1.527222363258464,2.3912937313826914,3.1574261029043598
J,2017_2018,sm_pfos,LBXMFOS,all,60_plus,all,604,65270299.990158,0.011589403973509934,True,WTSB2YR,0.5,0.7,1.2243138077754192,2.4,3.5,5.7,6.733323985334844
J,2017_2018,sm_pfos,LBXMFOS,all,60_plus,hispanic,132,5912416.05807,0.007575757575757576,True,WTSB2YR,0.6,0.7,0.9,1.7,2.666786609349698,4.385022486798743,5.804915636919285
J,2017_2018,sm_pfos,LBXMFOS,all,60_plus,nh_asian,52,2758831.430326,0.0,True,WTSB2YR,0.5854370753001775,0.6288308508129232,1.2,1.9862569523559144,3.8794239037496023,5.138799743658687,6.075271250144505
J,2017_2018,sm_pfos,LBXMFOS,all,60_plus,nh_black,139,5692501.09179,0.014388489208633094,True,WTSB2YR,0.9,1.0684392967165341,1.6,3.0,5.2,7.152560466695589,7.9
J,2017_2018,sm_pfos,LBXMFOS,all,60_plus,nh_white,258,49221843.881625,0.015503875968992248,True,WTSB2YR,0.3647051258794654,0.7,1.2373138151755938,2.5,3.5,5.6,6.7
J,2017_2018,sm_pfos,LBXMFOS,all,60_plus,other,23,1684707.5283470002,0.0,True,WTSB2YR,0.36028180640186946,0.9327053518258259,1.6,2.351190672632976,2.6440755641639195,3.3949927444964425,4.022014335671963
J,2017_2018,sm_pfos,LBXMFOS,all,all_ages,all,1929,255112859.42795503,0.00829445308449974,True,WTSB2YR,0.3,0.4,0.7,1.2,2.3,3.5,4.5
J,2017_2018,sm_pfos,LBXMFOS,all,all_ages,hispanic,473,43385675.60306901,0.004228329809725159,True,WTSB2YR,0.3,0.3,0.5,0.9,1.5591276054165093,2.6,3.1635449859698923
J,2017_2018,sm_pfos,LBXMFOS,all,all_ages,nh_asian,257,14078894.902313,0.007782101167315175,True,WTSB2YR,0.3,0.3,0.6,1.1,2.095371184258945,3.7145702711220516,4.8
J,2017_2018,sm_pfos,LBXMFOS,all,all_ages,nh_black,430,28466012.012837,0.018604651162790697,True,WTSB2YR,0.2,0.3,0.5,1.0,2.1,3.8,5.6
J,2017_2018,sm_pfos,LBXMFOS,all,all_ages,nh_white,667,158252071.18738997,0.005997001499250375,True,WTSB2YR,0.3,0.5,0.8,1.5,2.6,3.612111708296178,4.6
J,2017_2018,sm_pfos,LBXMFOS,all,all_ages,other,102,10930205.722346,0.0,True,WTSB2YR,0.22207873863981534,0.4,0.6,1.1123444324230356,1.6,2.544563160907627,3.3873617063187584
J,2017_2018,sm_pfos,LBXMFOS,female,12-19,all,149,13672575.768884998,0.0,True,WTSB2YR,0.2,0.3,0.4,0.6,0.8,1.5965257354583042,2.103554850215636
J,2017_2018,sm_pfos,LBXMFOS,female,12-19,hispanic,46,3394580.382888,0.0,True,WTSB2YR,0.3,0.3,0.4,0.5,0.6,0.8,0.8367968644491354
J,2017_2018,sm_pfos,LBXMFOS,female,12-19,nh_asian,21,959415.7217029999,0.0,True,WTSB2YR,0.3,0.3,0.4,0.4,0.6,0.711571987745129,1.9980124812426465
J,2017_2018,sm_pfos,LBXMFOS,female,12-19,nh_black,31,1945695.0450260004,0.0,True,WTSB2YR,0.22581846188410293,0.3,0.3,0.47854550353277064,0.6,0.7,0.8
J,2017_2018,sm_pfos,LBXMFOS,female,12-19,nh_white,40,6651016.3133189995,0.0,True,WTSB2YR,0.2,0.2888360967292775,0.5,0.7,1.3267075999624545,2.134060699475831,3.7488618978273474
J,2017_2018,sm_pfos,LBXMFOS,female,20-39,all,270,41429468.845167994,0.003703703703703704,True,WTSB2YR,0.2,0.3,0.4,0.6,0.9,1.3,1.8849160878187854
J,2017_2018,sm_pfos,LBXMFOS,female,20-39,hispanic,70,8627863.364408001,0.0,True,WTSB2YR,0.2,0.2,0.3,0.5,0.7,1.1064149872100772,1.3
J,2017_2018,sm_pfos,LBXMFOS,female,20-39,nh_asian,35,2782905.938647,0.0,True,WTSB2YR,0.2,0.2,0.3,0.5934940054651212,0.9,1.3769419241267937,2.34191939321388
J,2017_2018,sm_pfos,LBXMFOS,female,20-39,nh_black,63,5377283.370973,0.015873015873015872,True,WTSB2YR,0.14494167632441296,0.2,0.3,0.5,0.7,1.1788064669601246,1.2
J,2017_2018,sm_pfos,LBXMFOS,female,20-39,nh_white,88,22078000.815822,0.0,True,WTSB2YR,0.3,0.3,0.5,0.8,1.1,1.6628214480434742,2.1
J,2017_2018,sm_pfos,LBXMFOS,female,40-59,all,258,40225380.206749,0.011627906976744186,True,WTSB2YR,0.2,0.4,0.5,0.9892827590033841,1.7,2.447703345461624,3.2979739516105018
J,2017_2018,sm_pfos,LBXMFOS,female,40-59,hispanic,69,6397241.000543,0.0,True,WTSB2YR,0.2606831653099339,0.4,0.5,0.8,1.1668922904627066,2.161188710956871,2.7
J,2017_2018,sm_pfos,LBXMFOS,female,40-59,nh_asian,51,2308280.3591380003,0.0196078431372549,True,WTSB2YR,0.2,0.3,0.5,0.8,1.3,2.8986281823804996,3.862380759590495
J,2017_2018,sm_pfos,LBXMFOS,female,40-59,nh_black,58,4874899.842144,0.034482758620689655,True,WTSB2YR,0.11902674389355389,0.2,0.5,0.8,1.3,2.879972646539303,3.433175054099838
J,2017_2018,sm_pfos,LBXMFOS,female,40-59,nh_white,64,24749298.453231,0.0,True,WTSB2YR,0.2,0.4,0.6,1.2655570379980843,1.9,2.4945840037267235,3.362364484646241
J,2017_2018,sm_pfos,LBXMFOS,female,60_plus,all,300,36555825.911218,0.006666666666666667,True,WTSB2YR,0.45534116377199896,0.7,1.1,2.0,2.9,5.093897207367407,6.540075813334005
J,2017_2018,sm_pfos,LBXMFOS,female,60_plus,hispanic,68,3168961.0467000003,0.0,True,WTSB2YR,0.6,0.7,0.9,1.3391783773550017,2.2206897744781573,4.543093583060404,5.6192714043689715
J,2017_2018,sm_pfos,LBXMFOS,female,60_plus,nh_asian,30,1525429.962293,0.0,True,WTSB2YR,0.5,0.6,1.1,1.6998838187313505,3.1636937244429797,4.99958083627791,5.275201448614566
J,2017_2018,sm_pfos,LBXMFOS,female,60_plus,nh_black,67,3254798.5220299996,0.0,True,WTSB2YR,1.0,1.1,1.5,2.455231731339527,5.2,7.183094804239559,7.499844343880906
J,2017_2018,sm_pfos,LBXMFOS,female,60_plus,nh_white,124,27600920.749739997,0.016129032258064516,True,WTSB2YR,0.34448081381350104,0.6,1.1,2.0,2.8,4.340061689539219,5.79247253703467
J,2017_2018,sm_pfos,LBXMFOS,female,all_ages,all,977,131883250.73201999,0.006141248720573183,True,WTSB2YR,0.2,0.3,0.5,0.9,1.8,2.8,3.8
J,2017_2018,sm_pfos,LBXMFOS,female,all_ages,hispanic,253,21588645.794538997,0.0,True,WTSB2YR,0.2,0.3,0.4,0.6,1.0,1.8540677013151317,2.647449019571194
J,2017_2018,sm_pfos,LBXMFOS,female,all_ages,nh_asian,137,7576031.981781,0.0072992700729927005,True,WTSB2YR,0.2,0.3,0.4,0.7,1.4,2.732534025327637,3.8986766555882286
J,2017_2018,sm_pfos,LBXMFOS,female,all_ages,nh_black,219,15452676.780172998,0.0136986301369863,True,WTSB2YR,0.2,0.3,0.4,0.7,1.4,3.4,5.282402762103385
J,2017_2018,sm_pfos,LBXMFOS,female,all_ages,nh_white,316,81079236.33211198,0.006329113924050633,True,WTSB2YR,0.3,0.4,0.6,1.1,2.0,3.0,3.9
J,2017_2018,sm_pfos,LBXMFOS,female,all_ages,other,52,6186659.843415,0.0,True,WTSB2YR,0.2919307627429444,0.3350668848649148,0.6,0.8,1.3,2.4454493449946195,3.2193720705119326
J,2017_2018,sm_pfos,LBXMFOS,male,12-19,all,164,15296613.12249,0.0,True,WTSB2YR,0.3548404723310719,0.4,0.6,0.8,1.1,1.7252046362206175,2.0
J,2017_2018,sm_pfos,LBXMFOS,male,12-19,hispanic,47,3821088.1412369995,0.0,True,WTSB2YR,0.4,0.4,0.5,0.7,1.1,1.6242354808698996,2.1261779814990334
J,2017_2018,sm_pfos,LBXMFOS,male,12-19,nh_black,32,1903175.318733,0.0,True,WTSB2YR,0.3,0.3,0.5,0.6,0.9952443695309542,2.0,2.3096006220220544
J,2017_2018,sm_pfos,LBXMFOS,male,12-19,nh_white,53,8396001.468428,0.0,True,WTSB2YR,0.39353565419781505,0.4,0.7,0.9,1.2,1.770315421432683,2.0
J,2017_2018,sm_pfos,LBXMFOS,male,20-39,all,229,40232151.93553001,0.008733624454148471,True,WTSB2YR,0.4,0.5,0.9,1.4,2.1,3.0,3.4
J,2017_2018,sm_pfos,LBXMFOS,male,20-39,hispanic,60,8940790.738818998,0.016666666666666666,True,WTSB2YR,0.3,0.3880781075745075,0.8,1.04631630120523,1.7,2.2837731460781616,2.538615642948927
J,2017_2018,sm_pfos,LBXMFOS,male,20-39,nh_asian,34,2768442.421003,0.0,True,WTSB2YR,0.40721060391526565,0.6,0.8468852959957378,1.4,2.098008065143953,3.2,5.256776487791379
J,2017_2018,sm_pfos,LBXMFOS,male,20-39,nh_black,50,4643026.319164,0.02,True,WTSB2YR,0.22472877089835092,0.36153057337169825,0.9,1.4,1.8,2.6,3.221609049392104
J,2017_2018,sm_pfos,LBXMFOS,male,20-39,nh_white,75,22367905.516028002,0.0,True,WTSB2YR,0.5012147611453235,0.7887343580122476,1.0,1.5,2.2,3.2573422154550378,3.5224772492344454
J,2017_2018,sm_pfos,LBXMFOS,male,40-59,all,255,38986369.558975,0.011764705882352941,True,WTSB2YR,0.8,0.9,1.3,1.8,3.0354092953862195,3.6725407575487763,4.502230389418174
J,2017_2018,sm_pfos,LBXMFOS,male,40-59,hispanic,49,6291695.917103999,0.0,True,WTSB2YR,0.49712352156917783,0.7391089489094522,1.2,1.8,2.785549170751734,3.315941990893762,5.174462893469485
J,2017_2018,sm_pfos,LBXMFOS,male,40-59,nh_asian,45,1911308.0268140002,0.022222222222222223,True,WTSB2YR,0.6,0.6766186858204127,1.1,1.7,2.9416723476734816,3.9638632526443778,5.9047843155968
J,2017_2018,sm_pfos,LBXMFOS,male,40-59,nh_black,57,4029431.025007,0.03508771929824561,True,WTSB2YR,0.6141300064698904,0.8,1.0987078065221576,1.8,2.6,4.1,4.804928691843747
J,2017_2018,sm_pfos,LBXMFOS,male,40-59,nh_white,89,24788004.738937,0.0,True,WTSB2YR,0.8,0.9,1.3,1.8,3.110404534040155,3.7105264152853685,4.4648792970797055
J,2017_2018,sm_pfos,LBXMFOS,male,60_plus,all,304,28714474.078939997,0.01644736842105263,True,WTSB2YR,0.5,1.0,1.9,3.0,4.4,6.147709807754924,7.09235021652758
J,2017_2018,sm_pfos,LBXMFOS,male,60_plus,hispanic,64,2743455.01137,0.015625,True,WTSB2YR,0.6,0.7,1.1648780509668146,1.8201385022741705,2.9382023805284185,4.2,5.882292061888436
J,2017_2018,sm_pfos,LBXMFOS,male,60_plus,nh_asian,22,1233401.4680330001,0.0,True,WTSB2YR,0.6400860265270197,0.7,1.2,2.522595363034575,4.676979626539145,5.761786503999444,6.36655564562553
J,2017_2018,sm_pfos,LBXMFOS,male,60_plus,nh_black,72,2437702.56976,0.027777777777777776,True,WTSB2YR,0.741817627146604,0.9487215839374136,1.9,3.2,5.347721076106065,7.07468065125266,8.447792579185325
J,2017_2018,sm_pfos,LBXMFOS,male,60_plus,nh_white,134,21620923.131885,0.014925373134328358,True,WTSB2YR,0.4967915495391983,1.0,2.1,3.1,4.458755511831739,6.119768666157636,7.076424002052423
J,2017_2018,sm_pfos,LBXMFOS,male,all_ages,all,952,123229608.695935,0.01050420168067227,True,WTSB2YR,0.4,0.635587242448108,1.0,1.7,2.892118346855399,3.9,5.1686195966695285
J,2017_2018,sm_pfos,LBXMFOS,male,all_ages,hispanic,220,21797029.808530003,0.00909090909090909,True,WTSB2YR,0.3,0.4579975887868242,0.8,1.2,2.0,3.0,3.312667101505967
J,2017_2018,sm_pfos,LBXMFOS,male,all_ages,nh_asian,120,6502862.920532,0.008333333333333333,True,WTSB2YR,0.5,0.6,0.9,1.5,2.677841891576681,4.466842867727055,5.873243456161857
J,2017_2018,sm_pfos,LBXMFOS,male,all_ages,nh_black,211,13013335.232664,0.023696682464454975,True,WTSB2YR,0.3,0.5,0.9,1.6,2.5030054320541653,4.098780241210356,5.6
J,2017_2018,sm_pfos,LBXMFOS,male,all_ages,nh_white,351,77172834.85527799,0.005698005698005698,True,WTSB2YR,0.6,0.8,1.2,1.9,3.135112456458394,4.310273375462165,5.4
J,2017_2018,sm_pfos,LBXMFOS,male,all_ages,other,50,4743545.878931,0.0,True,WTSB2YR,0.27436489609439685,0.5,1.0,1.5,2.2966886918031424,2.824540352552135,3.969482421194874
P,2017_2020,n_pfoa,LBXNFOA,all,12-19,all,521,33819853.98283,0.0,True,WTSBAPRP,0.5,0.6,0.7,1.0,1.4,2.0,2.3132514453315274
P,2017_2020,n_pfoa,LBXNFOA,all,12-19,hispanic,139,8229425.930505999,0.0,True,WTSBAPRP,0.5,0.5,0.7,0.9,1.3,1.7,1.9799216936150246
P,2017_2020,n_pfoa,LBXNFOA,all,12-19,nh_asian,55,1740809.6824250002,0.0,True,WTSBAPRP,0.6,0.6606619534924412,0.8,1.1,1.619739364954218,2.3225704899097463,3.8805486021850077
P,2017_2020,n_pfoa,LBXNFOA,all,12-19,nh_black,128,4688403.523794,0.0,True,WTSBAPRP,0.4,0.5,0.6,0.8,1.2,1.6,1.7
P,2017_2020,n_pfoa,LBXNFOA,all,12-19,nh_white,159,17339836.734169997,0.0,True,WTSBAPRP,0.5,0.6,0.8,1.0916592176476982,1.6,2.2,2.9
P,2017_2020,n_pfoa,LBXNFOA,all,12-19,other,40,1821378.111935,0.0,True,WTSBAPRP,0.5,0.5327257470292524,0.8,1.0,1.3,1.9,1.9
P,2017_2020,n_pfoa,LBXNFOA,all,20-39,all,769,86628047.652376,0.007802340702210663,True,WTSBAPRP,0.4,0.5,0.7,1.2,1.7,2.3,2.8
P,2017_2020,n_pfoa,LBXNFOA,all,20-39,hispanic,197,18213063.838244002,0.005076142131979695,True,WTSBAPRP,0.3,0.4,0.6,1.1,1.5,2.0,2.4
P,2017_2020,n_pfoa,LBXNFOA,all,20-39,nh_asian,97,6305735.191515001,0.010309278350515464,True,WTSBAPRP,0.4,0.4602435580627604,0.6961312081333835,1.2,1.9,5.469613179746288,6.92180223619863
P,2017_2020,n_pfoa,LBXNFOA,all,20-39,nh_black,206,11280972.031344999,0.019417475728155338,True,WTSBAPRP,0.2,0.3,0.5,0.9,1.4,2.0,2.554547445897929
P,2017_2020,n_pfoa,LBXNFOA,all,20-39,nh_white,226,46117828.980895,0.0,True,WTSBAPRP,0.5,0.6,0.8,1.2,1.8,2.4,2.7298599368603447
P,2017_2020,n_pfoa,LBXNFOA,all,20-39,other,43,4710447.610377001,0.0,True,WTSBAPRP,0.36867550958550815,0.5,0.6,0.9358349482004579,1.4619369016841997,1.6,2.6615911416517406
P,2017_2020,n_pfoa,LBXNFOA,all,40-59,all,852,82164387.058604,0.0035211267605633804,True,WTSBAPRP,0.5,0.6,0.9,1.3,2.0,3.0,3.6
P,2017_2020,n_pfoa,LBXNFOA,all,40-59,hispanic,191,13726984.912663002,0.005235602094240838,True,WTSBAPRP,0.4,0.5,0.8,1.1,1.6,2.3,2.8986394056353197
P,2017_2020,n_pfoa,LBXNFOA,all,40-59,nh_asian,141,5004632.088942001,0.0,True,WTSBAPRP,0.5888968490602035,0.8,1.1,1.5,2.3,3.1578757402839535,4.848052773741355
P,2017_2020,n_pfoa,LBXNFOA,all,40-59,nh_black,215,9614857.41803,0.009302325581395349,True,WTSBAPRP,0.3,0.5,0.7,1.1,1.7,2.5,2.9
P,2017_2020,n_pfoa,LBXNFOA,all,40-59,nh_white,263,50844527.524909005,0.0,True,WTSBAPRP,0.6,0.7,0.9610038089045789,1.4,2.3,3.18305968784263,3.6684927246866144
P,2017_2020,n_pfoa,LBXNFOA,all,40-59,other,42,2973385.11406,0.0,True,WTSBAPRP,0.5,0.6,0.9,1.1,1.5,2.525949908751577,3.293780548120824
P,2017_2020,n_pfoa,LBXNFOA,all,60_plus,all,930,71657058.321361,0.005376344086021506,True,WTSBAPRP,0.5,0.8,1.2,1.8,2.5,3.4,4.3
P,2017_2020,n_pfoa,LBXNFOA,all,60_plus,hispanic,188,6464776.9978289995,0.005319148936170213,True,WTSBAPRP,0.5,0.7,0.9,1.5,2.0,2.6803354334722655,3.2221203077100817
P,2017_2020,n_pfoa,LBXNFOA,all,60_plus,nh_asian,69,3266071.129314,0.0,True,WTSBAPRP,0.9,1.199245478109304,1.7,2.4,3.5,4.867817929531258,6.420264206870057
P,2017_2020,n_pfoa,LBXNFOA,all,60_plus,nh_black,238,6726702.923036,0.008403361344537815,True,WTSBAPRP,0.5,0.7,1.1,1.6,2.3,3.3077323560412695,4.545236321235213
P,2017_2020,n_pfoa,LBXNFOA,all,60_plus,nh_white,400,53016023.858155996,0.0025,True,WTSBAPRP,0.5,0.9,1.3,1.9,2.6,3.429883298693163,4.24479739510379
P,2017_2020,n_pfoa,LBXNFOA,all,60_plus,other,35,2183483.413026,0.02857142857142857,True,WTSBAPRP,0.323093546961195,0.4,0.719934919195118,0.9399024789752278,1.8597134328907032,2.4931750875499445,3.010791407305121
P,2017_2020,n_pfoa,LBXNFOA,all,all_ages,all,3072,274269347.015171,0.004557291666666667,True,WTSBAPRP,0.4,0.6,0.9,1.3,2.0,2.9,3.5
P,2017_2020,n_pfoa,LBXNFOA,all,all_ages,hispanic,715,46634251.679242,0.004195804195804196,True,WTSBAPRP,0.4,0.5,0.7,1.1,1.6,2.2,2.6
P,2017_2020,n_pfoa,LBXNFOA,all,all_ages,nh_asian,362,16317248.092195999,0.0027624309392265192,True,WTSBAPRP,0.4,0.6,0.9,1.5,2.5,4.162085135450142,5.994670347691891
P,2017_2020,n_pfoa,LBXNFOA,all,all_ages,nh_black,787,32310935.896205,0.010165184243964422,True,WTSBAPRP,0.3,0.4,0.7,1.1,1.6,2.4,3.085988439739166
P,2017_2020,n_pfoa,LBXNFOA,all,all_ages,nh_white,1048,167318217.09813002,0.0009541984732824427,True,WTSBAPRP,0.5,0.6,0.9,1.5,2.1,3.0,3.6
P,2017_2020,n_pfoa,LBXNFOA,all,all_ages,other,160,11688694.249398,0.00625,True,WTSBAPRP,0.4,0.5,0.6,1.0,1.5,2.08772473189216,2.8
P,2017_2020,n_pfoa,LBXNFOA,female,12-19,all,250,16521123.015159,0.0,True,WTSBAPRP,0.4,0.5,0.7,0.9,1.4,2.0,2.472474042674243
P,2017_2020,n_pfoa,LBXNFOA,female,12-19,hispanic,70,4025888.9781030007,0.0,True,WTSBAPRP,0.4,0.5,0.6,0.7,1.2,1.4,1.592979119485201
P,2017_2020,n_pfoa,LBXNFOA,female,12-19,nh_asian,27,932343.8352839999,0.0,True,WTSBAPRP,0.5966617520070414,0.6,0.7,0.9061351050154588,1.3,2.099260051526413,3.720650653361081
P,2017_2020,n_pfoa,LBXNFOA,female,12-19,nh_black,61,2313837.0629879995,0.0,True,WTSBAPRP,0.4,0.4,0.5,0.6495928719226498,0.9043764211111512,1.2,1.4352487485837992
P,2017_2020,n_pfoa,LBXNFOA,female,12-19,nh_white,74,8265948.376856001,0.0,True,WTSBAPRP,0.4,0.5,0.8,1.0,1.7,2.3,2.8112839539243177
P,2017_2020,n_pfoa,LBXNFOA,female,20-39,all,433,43540906.743569,0.006928406466512702,True,WTSBAPRP,0.3,0.4,0.6,0.8,1.4,2.1,2.5
P,2017_2020,n_pfoa,LBXNFOA,female,20-39,hispanic,109,8934060.931008002,0.0,True,WTSBAPRP,0.3,0.4,0.5,0.7,1.2555983462715121,1.7467024346410993,2.3795115993736937
P,2017_2020,n_pfoa,LBXNFOA,female,20-39,nh_asian,53,3162433.7978529995,0.018867924528301886,True,WTSBAPRP,0.3,0.4,0.5,0.9,1.6438891085610592,3.306684404123015,6.214233887784955
P,2017_2020,n_pfoa,LBXNFOA,female,20-39,nh_black,119,6053083.494093001,0.01680672268907563,True,WTSBAPRP,0.2,0.2,0.4,0.7,1.0,1.4932000031739883,1.9923651913902316
P,2017_2020,n_pfoa,LBXNFOA,female,20-39,nh_white,127,23002260.700108007,0.0,True,WTSBAPRP,0.4,0.5,0.6,0.9,1.6,2.324799738766348,2.4176522204772573
P,2017_2020,n_pfoa,LBXNFOA,female,20-39,other,25,2389067.8205069997,0.0,True,WTSBAPRP,0.3,0.37203076691252596,0.5,0.6,0.968731339399615,1.587117399481482,2.4805677148430223
P,2017_2020,n_pfoa,LBXNFOA,female,40-59,all,428,42131179.999914,0.002336448598130841,True,WTSBAPRP,0.4,0.5,0.8,1.1,1.9,3.001773495642994,3.6
P,2017_2020,n_pfoa,LBXNFOA,female,40-59,hispanic,106,6893570.956683001,0.009433962264150943,True,WTSBAPRP,0.37271321970779253,0.4,0.7,1.0,1.4,1.8857251135068784,2.474214792240977
P,2017_2020,n_pfoa,LBXNFOA,female,40-59,nh_asian,80,2774576.4109070003,0.0,True,WTSBAPRP,0.46706447427975,0.6,0.9,1.4,2.1,2.7692676722087852,3.977186858143472
P,2017_2020,n_pfoa,LBXNFOA,female,40-59,nh_black,112,5238656.451188,0.0,True,WTSBAPRP,0.4,0.48691998962898075,0.6,1.0,1.7,2.358282768011968,3.224355456061977
P,2017_2020,n_pfoa,LBXNFOA,female,40-59,nh_white,110,25753359.230137996,0.0,True,WTSBAPRP,0.5,0.6,0.8,1.2,2.4,3.440287417834481,3.7
P,2017_2020,n_pfoa,LBXNFOA,female,40-59,other,20,1471016.9509979999,0.0,True,WTSBAPRP,0.47110659359305906,0.599319793559863,0.7,1.2,1.3916484440606058,1.7027908413881216,2.185870702498074
P,2017_2020,n_pfoa,LBXNFOA,female,60_plus,all,455,39068588.233408004,0.002197802197802198,True,WTSBAPRP,0.5,0.8,1.117067777086355,1.7775796970367763,2.511399063696864,3.5,4.4
P,2017_2020,n_pfoa,LBXNFOA,female,60_plus,hispanic,94,3577278.010209,0.0,True,WTSBAPRP,0.6,0.7,0.908706493510305,1.5,1.850727256651266,2.504770096850574,3.291893523405164
P,2017_2020,n_pfoa,LBXNFOA,female,60_plus,nh_asian,42,1785050.6640909999,0.0,True,WTSBAPRP,0.9,1.3,1.7,2.3,3.1616752098453595,4.3415936767277525,5.648565699955555
P,2017_2020,n_pfoa,LBXNFOA,female,60_plus,nh_black,115,3879848.1625069994,0.0,True,WTSBAPRP,0.5,0.7,1.1,1.5711547221595519,2.3,3.4353992497241226,4.376113367976406
P,2017_2020,n_pfoa,LBXNFOA,female,60_plus,nh_white,190,28738091.616626,0.0,True,WTSBAPRP,0.4,0.8744408199743265,1.3,1.8,2.7,3.7,4.455426895548016
P,2017_2020,n_pfoa,LBXNFOA,female,all_ages,all,1566,141261797.99205,0.0031928480204342275,True,WTSBAPRP,0.4,0.5,0.7,1.2,1.9,2.9,3.554795149158707
P,2017_2020,n_pfoa,LBXNFOA,female,all_ages,hispanic,379,23430798.876003,0.002638522427440633,True,WTSBAPRP,0.3921548216264618,0.4,0.6,0.9,1.4,1.8103573999879352,2.523587380665916
P,2017_2020,n_pfoa,LBXNFOA,female,all_ages,nh_asian,202,8654404.708135001,0.0049504950495049506,True,WTSBAPRP,0.4,0.5,0.8,1.4,2.2079853082223666,3.3,5.313054538911954
P,2017_2020,n_pfoa,LBXNFOA,female,all_ages,nh_black,407,17485425.170776002,0.004914004914004914,True,WTSBAPRP,0.21400130503495562,0.4,0.6,0.9,1.5,2.395282779868824,3.2
P,2017_2020,n_pfoa,LBXNFOA,female,all_ages,nh_white,501,85759659.923728,0.0,True,WTSBAPRP,0.4,0.6,0.8,1.3,2.1,3.078361731195386,3.7
P,2017_2020,n_pfoa,LBXNFOA,female,all_ages,other,77,5931509.313408,0.012987012987012988,True,WTSBAPRP,0.4,0.5,0.6,0.9,1.316295704269355,1.8853920720164759,2.1
P,2017_2020,n_pfoa,LBXNFOA,male,12-19,all,271,17298730.967671,0.0,True,WTSBAPRP,0.6,0.7,0.88717335124225,1.1,1.6,2.0,2.323130190576366
P,2017_2020,n_pfoa,LBXNFOA,male,12-19,hispanic,69,4203536.952403,0.0,True,WTSBAPRP,0.5,0.6,0.7,1.0,1.4149630081102373,1.9,2.3670715316377278
P,2017_2020,n_pfoa,LBXNFOA,male,12-19,nh_asian,28,808465.8471409999,0.0,True,WTSBAPRP,0.6842144035771177,0.7,1.0126732088935173,1.3326513487473959,1.6870840286901245,2.721668886801826,3.737895115784951
P,2017_2020,n_pfoa,LBXNFOA,male,12-19,nh_black,67,2374566.4608059996,0.0,True,WTSBAPRP,0.6,0.7,0.8,1.0355537316224677,1.3,1.7,1.866933967301177
P,2017_2020,n_pfoa,LBXNFOA,male,12-19,nh_white,85,9073888.357313998,0.0,True,WTSBAPRP,0.6,0.7,0.9,1.2,1.6,2.119251278574793,2.3329992067092595
P,2017_2020,n_pfoa,LBXNFOA,male,12-19,other,22,838273.3500069999,0.0,True,WTSBAPRP,0.5292099198336769,0.5933829998379215,0.9,1.0,1.2,1.4661051363186037,2.032203186383795
P,2017_2020,n_pfoa,LBXNFOA,male,20-39,all,336,43087140.908806995,0.008928571428571428,True,WTSBAPRP,0.5,0.7,1.0,1.4,1.9,2.4,3.2
P,2017_2020,n_pfoa,LBXNFOA,male,20-39,hispanic,88,9279002.907235999,0.011363636363636364,True,WTSBAPRP,0.4,0.7,1.0,1.3,1.7,2.3,2.4
P,2017_2020,n_pfoa,LBXNFOA,male,20-39,nh_asian,44,3143301.393662,0.0,True,WTSBAPRP,0.6,0.6587573890893239,0.9,1.3,2.551087377033747,6.097556397443644,13.77141922044418
P,2017_2020,n_pfoa,LBXNFOA,male,20-39,nh_black,87,5227888.5372520005,0.022988505747126436,True,WTSBAPRP,0.3,0.4209379687946,0.8,1.3,1.7119010975709836,2.1012848469333774,2.6
P,2017_2020,n_pfoa,LBXNFOA,male,20-39,nh_white,99,23115568.280787002,0.0,True,WTSBAPRP,0.6,0.9,1.1,1.5,2.0,2.6,3.2
P,2017_2020,n_pfoa,LBXNFOA,male,40-59,all,424,40033207.05869,0.0047169811320754715,True,WTSBAPRP,0.7,0.8,1.1,1.5,2.1,2.9,3.6
P,2017_2020,n_pfoa,LBXNFOA,male,40-59,hispanic,85,6833413.955980001,0.0,True,WTSBAPRP,0.6,0.7,0.9,1.236678308419578,1.8,2.6552284470105323,3.8131961206378135
P,2017_2020,n_pfoa,LBXNFOA,male,40-59,nh_asian,61,2230055.6780350003,0.0,True,WTSBAPRP,0.8,0.9752678623413251,1.388641475686643,1.8,2.5308343858096047,4.02689299580931,5.031180299889649
P,2017_2020,n_pfoa,LBXNFOA,male,40-59,nh_black,103,4376200.966842001,0.019417475728155338,True,WTSBAPRP,0.14228778845949794,0.6206089492232321,0.9,1.3,1.7,2.5,2.736419673758525
P,2017_2020,n_pfoa,LBXNFOA,male,40-59,nh_white,153,25091168.294771,0.0,True,WTSBAPRP,0.8,1.0,1.1,1.527931088357544,2.1,3.0,3.6
P,2017_2020,n_pfoa,LBXNFOA,male,40-59,other,22,1502368.163062,0.0,True,WTSBAPRP,0.6173447083175628,0.9,0.964843864315039,1.1,1.5195058170611007,3.2771569177840383,3.755199944222427
P,2017_2020,n_pfoa,LBXNFOA,male,60_plus,all,475,32588470.087952998,0.008421052631578947,True,WTSBAPRP,0.5,0.7,1.2,1.9,2.5,3.4,4.1
P,2017_2020,n_pfoa,LBXNFOA,male,60_plus,hispanic,94,2887498.98762,0.010638297872340425,True,WTSBAPRP,0.48413644209754386,0.5,0.9,1.5,2.0555370030672817,2.7,2.965296317885033
P,2017_2020,n_pfoa,LBXNFOA,male,60_plus,nh_asian,27,1481020.4652230002,0.0,True,WTSBAPRP,0.5280828701457119,1.026059610980381,1.870980297239137,2.7,3.631755766672446,5.38003222419774,6.7202011325576825
P,2017_2020,n_pfoa,LBXNFOA,male,60_plus,nh_black,123,2846854.760529,0.016260162601626018,True,WTSBAPRP,0.41295903545131174,0.7,1.2,1.6,2.3288704416382853,3.3,4.6
P,2017_2020,n_pfoa,LBXNFOA,male,60_plus,nh_white,210,24277932.24153,0.004761904761904762,True,WTSBAPRP,0.5590740475267484,0.9,1.4,1.9,2.5,3.4,4.1
P,2017_2020,n_pfoa,LBXNFOA,male,60_plus,other,21,1095163.6330509998,0.0,True,WTSBAPRP,0.4,0.4,0.414731797163104,0.8990445670615625,2.075146783830365,2.9421647770434274,3.2054151582529222
P,2017_2020,n_pfoa,LBXNFOA,male,all_ages,all,1506,133007549.023121,0.00597609561752988,True,WTSBAPRP,0.6,0.7,1.0,1.5,2.0,2.8,3.5
P,2017_2020,n_pfoa,LBXNFOA,male,all_ages,hispanic,336,23203452.803239003,0.005952380952380952,True,WTSBAPRP,0.5,0.6,0.9,1.2730234745973144,1.7,2.3,2.8
P,2017_2020,n_pfoa,LBXNFOA,male,all_ages,nh_asian,160,7662843.384061,0.0,True,WTSBAPRP,0.6,0.8,1.0207186055742061,1.6520804655613295,2.7,4.843198443325181,6.566382406995087
P,2017_2020,n_pfoa,LBXNFOA,male,all_ages,nh_black,380,14825510.725429,0.015789473684210527,True,WTSBAPRP,0.3,0.5213866192859186,0.9,1.3,1.7,2.5,2.942252728741351
P,2017_2020,n_pfoa,LBXNFOA,male,all_ages,nh_white,547,81558557.174402,0.0018281535648994515,True,WTSBAPRP,0.7,0.8172391241498043,1.1,1.6,2.2,3.0,3.5
P,2017_2020,n_pfoa,LBXNFOA,male,all_ages,other,83,5757184.93599,0.0,True,WTSBAPRP,0.4,0.5,0.9,1.1,1.5,2.4298919921420583,3.3
P,2017_2020,n_pfos,LBXNFOS,all,12-19,all,521,33819853.98283,0.0,True,WTSBAPRP,0.7,0.8,1.1,1.7,2.6,3.9,6.1
P,2017_2020,n_pfos,LBXNFOS,all,12-19,hispanic,139,8229425.930505999,0.0,True,WTSBAPRP,0.6551882002192789,0.8,1.0,1.4,2.1,2.86834176911171,3.98654034201971
P,2017_2020,n_pfos,LBXNFOS,all,12-19,nh_asian,55,1740809.6824250002,0.0,True,WTSBAPRP,0.5513309944282534,0.8,1.0711223321713386,1.6,3.2943124137124205,5.502247201221246,7.049388476611999
P,2017_2020,n_pfos,LBXNFOS,all,12-19,nh_black,128,4688403.523794,0.0,True,WTSBAPRP,0.6,0.8835287660974901,1.1,1.6,2.2,3.2,5.094921481118355
P,2017_2020,n_pfos,LBXNFOS,all,12-19,nh_white,159,17339836.734169997,0.0,True,WTSBAPRP,0.7,0.8,1.1,1.8,2.8024305345969855,4.377300220352236,6.081339274374703
P,2017_2020,n_pfos,LBXNFOS,all,12-19,other,40,1821378.111935,0.0,True,WTSBAPRP,0.8480166504924662,1.0,1.4,1.8,2.4,3.9539189538642994,6.759913329617952
P,2017_2020,n_pfos,LBXNFOS,all,20-39,all,769,86628047.652376,0.0039011703511053317,True,WTSBAPRP,0.7,0.9,1.4,2.2,3.655051941920817,5.51559402678484,6.7
P,2017_2020,n_pfos,LBXNFOS,all,20-39,hispanic,197,18213063.838244002,0.005076142131979695,True,WTSBAPRP,0.6,0.7,1.2,1.9,2.8630102047562236,4.4,5.68033218172183
P,2017_2020,n_pfos,LBXNFOS,all,20-39,nh_asian,97,6305735.191515001,0.010309278350515464,True,WTSBAPRP,0.3921067085205111,0.5351782490287869,1.2,2.257461830176569,4.6354428773895275,7.6814947239772104,13.594823338776406
P,2017_2020,n_pfos,LBXNFOS,all,20-39,nh_black,206,11280972.031344999,0.0048543689320388345,True,WTSBAPRP,0.4,0.745093079674108,1.3,2.032882712468213,3.2960044986760164,6.328073763332535,7.520331329496547
P,2017_2020,n_pfos,LBXNFOS,all,20-39,nh_white,226,46117828.980895,0.0,True,WTSBAPRP,0.8,1.0,1.6,2.4,3.843980426217829,5.742971494474143,6.189765458039477
P,2017_2020,n_pfos,LBXNFOS,all,20-39,other,43,4710447.610377001,0.0,True,WTSBAPRP,0.5,0.8,1.1062194251023585,1.7,2.9,3.8815791049479684,5.2351980887587635
P,2017_2020,n_pfos,LBXNFOS,all,40-59,all,852,82164387.058604,0.007042253521126761,True,WTSBAPRP,0.8,1.0,1.7,2.929318533085508,4.955698787190179,7.946037282366021,11.0
P,2017_2020,n_pfos,LBXNFOS,all,40-59,hispanic,191,13726984.912663002,0.005235602094240838,True,WTSBAPRP,0.6,0.8758133360651305,1.5,2.5,4.5,6.583077589293577,9.2
P,2017_2020,n_pfos,LBXNFOS,all,40-59,nh_asian,141,5004632.088942001,0.0,True,WTSBAPRP,0.6,0.9,1.6,3.5,7.280664070801706,13.061128592043485,20.503258326507638
P,2017_2020,n_pfos,LBXNFOS,all,40-59,nh_black,215,9614857.41803,0.018604651162790697,True,WTSBAPRP,0.6,1.1,1.7,3.5,5.7,12.631088498605035,16.8
P,2017_2020,n_pfos,LBXNFOS,all,40-59,nh_white,263,50844527.524909005,0.0038022813688212928,True,WTSBAPRP,0.8,1.0,1.8,3.0,4.8,7.301660939161051,9.658128521310442
P,2017_2020,n_pfos,LBXNFOS,all,40-59,other,42,2973385.11406,0.0,True,WTSBAPRP,0.8700114259431299,1.1282607910795464,1.647736666105022,3.3,3.799807333595604,10.934583333319766,13.013951952235992
P,2017_2020,n_pfos,LBXNFOS,all,60_plus,all,930,71657058.321361,0.004301075268817204,True,WTSBAPRP,1.2,1.6,2.6,4.4,7.114344015988391,10.856481931112747,14.1
P,2017_2020,n_pfos,LBXNFOS,all,60_plus,hispanic,188,6464776.9978289995,0.0,True,WTSBAPRP,1.2,1.3,1.9,2.9,4.7,7.492410544709465,10.404730733238628
P,2017_2020,n_pfos,LBXNFOS,all,60_plus,nh_asian,69,3266071.129314,0.0,True,WTSBAPRP,0.81138814325413,0.9558924564462294,3.3165101647596456,5.5965628786387915,11.998355327215004,21.642852072610783,29.375410931376692
P,2017_2020,n_pfos,LBXNFOS,all,60_plus,nh_black,238,6726702.923036,0.008403361344537815,True,WTSBAPRP,1.4,2.1,3.6,6.6781208427206975,12.509906850008168,21.745350142940666,41.1844422484964
P,2017_2020,n_pfos,LBXNFOS,all,60_plus,nh_white,400,53016023.858155996,0.0025,True,WTSBAPRP,1.2497137292484193,1.6,2.6,4.3,6.974795819870519,9.859686080040257,12.0
P,2017_2020,n_pfos,LBXNFOS,all,60_plus,other,35,2183483.413026,0.02857142857142857,True,WTSBAPRP,1.0956729378331267,1.2631670128471038,3.0,4.81157070619252,5.785473491622858,6.118205875622062,7.920637732824888
P,2017_2020,n_pfos,LBXNFOS,all,all_ages,all,3072,274269347.015171,0.004231770833333333,True,WTSBAPRP,0.7,1.0,1.6,2.7,4.8,7.7,10.395778541325512
P,2017_2020,n_pfos,LBXNFOS,all,all_ages,hispanic,715,46634251.679242,0.002797202797202797,True,WTSBAPRP,0.6,0.8,1.3,2.0,3.3,5.6,7.5
P,2017_2020,n_pfos,LBXNFOS,all,all_ages,nh_asian,362,16317248.092195999,0.0027624309392265192,True,WTSBAPRP,0.5,0.7590413238342338,1.3,3.1,6.0,12.964633277622077,19.87272226052391
P,2017_2020,n_pfos,LBXNFOS,all,all_ages,nh_black,787,32310935.896205,0.008894536213468869,True,WTSBAPRP,0.6,0.9253172200611388,1.5,2.7,5.4,11.6,16.62092208487392
P,2017_2020,n_pfos,LBXNFOS,all,all_ages,nh_white,1048,167318217.09813002,0.0019083969465648854,True,WTSBAPRP,0.8,1.1,1.7,3.0,5.0,7.684896803965902,9.614977865342528
P,2017_2020,n_pfos,LBXNFOS,all,all_ages,other,160,11688694.249398,0.00625,True,WTSBAPRP,0.8,1.0,1.2,2.3,3.6,5.830006653472932,7.7099142693135265
P,2017_2020,n_pfos,LBXNFOS,female,12-19,all,250,16521123.015159,0.0,True,WTSBAPRP,0.5129339851576541,0.7,1.0,1.4,2.1,3.5,6.040420812007871
P,2017_2020,n_pfos,LBXNFOS,female,12-19,hispanic,70,4025888.9781030007,0.0,True,WTSBAPRP,0.6,0.7,0.9,1.3,1.7,2.561531241437209,2.8
P,2017_2020,n_pfos,LBXNFOS,female,12-19,nh_asian,27,932343.8352839999,0.0,True,WTSBAPRP,0.5,0.6076314112087522,0.9,1.4,1.7,3.354755792964946,5.4
P,2017_2020,n_pfos,LBXNFOS,female,12-19,nh_black,61,2313837.0629879995,0.0,True,WTSBAPRP,0.4,0.6,0.9648930064493314,1.3,1.7199943373476991,2.249226321566383,2.5
P,2017_2020,n_pfos,LBXNFOS,female,12-19,nh_white,74,8265948.376856001,0.0,True,WTSBAPRP,0.4272997348643981,0.7,1.0,1.6,2.64377672096234,6.008350756308755,6.5315933849118215
P,2017_2020,n_pfos,LBXNFOS,female,20-39,all,433,43540906.743569,0.004618937644341801,True,WTSBAPRP,0.6,0.8,1.1,1.7,2.5,3.881676055043643,5.736757777447344
P,2017_2020,n_pfos,LBXNFOS,female,20-39,hispanic,109,8934060.931008002,0.0,True,WTSBAPRP,0.6,0.6730181082884,0.9,1.362765854320915,1.883665145346874,2.7,4.049183670192489
P,2017_2020,n_pfos,LBXNFOS,female,20-39,nh_asian,53,3162433.7978529995,0.018867924528301886,True,WTSBAPRP,0.3,0.3931106631187625,0.8366010883712497,1.989371001274865,3.33619917718689,4.7754616102203835,5.716668348044212
P,2017_2020,n_pfos,LBXNFOS,female,20-39,nh_black,119,6053083.494093001,0.008403361344537815,True,WTSBAPRP,0.4,0.7,1.1,1.6,2.5,4.079003784164128,7.6541387133512675
P,2017_2020,n_pfos,LBXNFOS,female,20-39,nh_white,127,23002260.700108007,0.0,True,WTSBAPRP,0.774603002597407,0.8,1.3,1.9,2.980456494401188,4.027252218049579,5.76115503744281
P,2017_2020,n_pfos,LBXNFOS,female,20-39,other,25,2389067.8205069997,0.0,True,WTSBAPRP,0.6890173252868403,0.8,1.1489586324576313,1.2781228883280602,2.126479862325391,3.0581302291481602,3.509777557506666
P,2017_2020,n_pfos,LBXNFOS,female,40-59,all,428,42131179.999914,0.004672897196261682,True,WTSBAPRP,0.7,0.8,1.3,2.1,4.060568503040464,6.0,9.345261744866328
P,2017_2020,n_pfos,LBXNFOS,female,40-59,hispanic,106,6893570.956683001,0.009433962264150943,True,WTSBAPRP,0.5,0.6,1.1,1.6,2.8,5.859078046732978,8.975663433057505
P,2017_2020,n_pfos,LBXNFOS,female,40-59,nh_asian,80,2774576.4109070003,0.0,True,WTSBAPRP,0.5,0.6958559765201422,1.1,2.645050394332722,6.124757815987226,13.802372499628087,21.29397467376952
P,2017_2020,n_pfos,LBXNFOS,female,40-59,nh_black,112,5238656.451188,0.0,True,WTSBAPRP,0.6640388819281038,1.0704415741083657,1.5240669460486571,2.3,4.776810576536112,10.112170738576877,17.211432970242328
P,2017_2020,n_pfos,LBXNFOS,female,40-59,nh_white,110,25753359.230137996,0.00909090909090909,True,WTSBAPRP,0.7,0.9,1.3,2.3,3.830782092917461,5.767267516242193,8.421221256234173
P,2017_2020,n_pfos,LBXNFOS,female,40-59,other,20,1471016.9509979999,0.0,True,WTSBAPRP,0.8435156259600981,0.9798255969530628,1.2875742635826255,2.867012730112312,3.3288593281285506,4.387430141047439,8.794921677750724
P,2017_2020,n_pfos,LBXNFOS,female,60_plus,all,455,39068588.233408004,0.002197802197802198,True,WTSBAPRP,1.0,1.4,2.1,3.6,6.209050615690405,9.7,11.8
P,2017_2020,n_pfos,LBXNFOS,female,60_plus,hispanic,94,3577278.010209,0.0,True,WTSBAPRP,1.3,1.3,1.7779270419099096,2.5,4.093794989976938,5.959261947113721,13.314803790987034
P,2017_2020,n_pfos,LBXNFOS,female,60_plus,nh_asian,42,1785050.6640909999,0.0,True,WTSBAPRP,0.7115634992877442,1.0505630296946002,2.7139336397737326,5.382046445833105,10.991696980900782,16.978424417589622,23.223960937810237
P,2017_2020,n_pfos,LBXNFOS,female,60_plus,nh_black,115,3879848.1625069994,0.0,True,WTSBAPRP,1.4,1.9,3.6,6.394433058212119,11.740512023593228,18.53527359048187,27.43341479868902
P,2017_2020,n_pfos,LBXNFOS,female,60_plus,nh_white,190,28738091.616626,0.0,True,WTSBAPRP,0.9395267932393188,1.4,2.1,3.514966065886041,5.97697275315159,7.43322831587494,10.59006826351539
P,2017_2020,n_pfos,LBXNFOS,female,all_ages,all,1566,141261797.99205,0.0031928480204342275,True,WTSBAPRP,0.6281983492887883,0.8,1.3,2.1,3.8,6.5,9.25318364428052
P,2017_2020,n_pfos,LBXNFOS,female,all_ages,hispanic,379,23430798.876003,0.002638522427440633,True,WTSBAPRP,0.6,0.7,1.1,1.5,2.4,4.217641648576029,6.031729491585803
P,2017_2020,n_pfos,LBXNFOS,female,all_ages,nh_asian,202,8654404.708135001,0.0049504950495049506,True,WTSBAPRP,0.4,0.5,1.1,2.5,5.3,11.432826879947852,16.025363944537638
P,2017_2020,n_pfos,LBXNFOS,female,all_ages,nh_black,407,17485425.170776002,0.002457002457002457,True,WTSBAPRP,0.6,0.9,1.3,2.1,4.6,10.2,16.847993017168044
P,2017_2020,n_pfos,LBXNFOS,female,all_ages,nh_white,501,85759659.923728,0.001996007984031936,True,WTSBAPRP,0.7,0.9,1.4,2.3,4.1,6.4,8.247794579926776
P,2017_2020,n_pfos,LBXNFOS,female,all_ages,other,77,5931509.313408,0.012987012987012988,True,WTSBAPRP,0.8,0.9,1.2,2.1,3.3969889407460485,5.751347165585094,5.945520249410869
P,2017_2020,n_pfos,LBXNFOS,male,12-19,all,271,17298730.967671,0.0,True,WTSBAPRP,0.8,0.9,1.2,2.0,2.8,4.3,5.9
P,2017_2020,n_pfos,LBXNFOS,male,12-19,hispanic,69,4203536.952403,0.0,True,WTSBAPRP,0.8,0.9,1.2,1.6,2.5155718385091634,3.9616359035902913,4.8839526170128975
P,2017_2020,n_pfos,LBXNFOS,male,12-19,nh_asian,28,808465.8471409999,0.0,True,WTSBAPRP,0.7929728880187854,0.9242646799683432,1.2421004681983974,3.0128667438525554,3.9882415770656747,6.06083087566217,7.996232497662608
P,2017_2020,n_pfos,LBXNFOS,male,12-19,nh_black,67,2374566.4608059996,0.0,True,WTSBAPRP,0.9,1.0,1.4,2.0,2.6230863629330883,4.661691843633705,11.241279378529608
P,2017_2020,n_pfos,LBXNFOS,male,12-19,nh_white,85,9073888.357313998,0.0,True,WTSBAPRP,0.7,1.0,1.264188473837678,2.1,2.8376154717473,4.165191525899897,5.310353251409118
P,2017_2020,n_pfos,LBXNFOS,male,12-19,other,22,838273.3500069999,0.0,True,WTSBAPRP,0.9316735986681749,1.0009496155013897,1.1,1.7147336109974751,2.3897136048719334,5.019809702386379,24.4224782990738
P,2017_2020,n_pfos,LBXNFOS,male,20-39,all,336,43087140.908806995,0.002976190476190476,True,WTSBAPRP,1.0,1.2,1.8,2.7,4.7,6.015329517470063,7.2
P,2017_2020,n_pfos,LBXNFOS,male,20-39,hispanic,88,9279002.907235999,0.011363636363636364,True,WTSBAPRP,0.7,1.167692840847663,1.9,2.6,3.6,5.40361805840781,6.481539790669039
P,2017_2020,n_pfos,LBXNFOS,male,20-39,nh_asian,44,3143301.393662,0.0,True,WTSBAPRP,0.7,0.9557345679174993,1.3303820732877845,3.1211866186859503,6.363162098123591,11.179143475083922,19.427554286160113
P,2017_2020,n_pfos,LBXNFOS,male,20-39,nh_black,87,5227888.5372520005,0.0,True,WTSBAPRP,0.33762476635015615,0.8540442159329865,1.5773033722424772,2.613304446847016,4.238463516933919,6.5,7.315370447334011
P,2017_2020,n_pfos,LBXNFOS,male,20-39,nh_white,99,23115568.280787002,0.0,True,WTSBAPRP,1.2,1.5,2.1,3.3,4.8,5.9,6.8034993453398425
P,2017_2020,n_pfos,LBXNFOS,male,40-59,all,424,40033207.05869,0.009433962264150943,True,WTSBAPRP,1.3,1.7,2.5,3.8,5.7,9.180007839809823,11.3
P,2017_2020,n_pfos,LBXNFOS,male,40-59,hispanic,85,6833413.955980001,0.0,True,WTSBAPRP,1.2829586146889858,1.7,2.039071135486149,3.4,5.262022081939415,6.857825020914178,9.628113344678718
P,2017_2020,n_pfos,LBXNFOS,male,40-59,nh_asian,61,2230055.6780350003,0.0,True,WTSBAPRP,0.9477745260872676,1.1,2.3004947470076957,4.6081206172775335,7.908950318578169,11.686206677606686,20.821737300030524
P,2017_2020,n_pfos,LBXNFOS,male,40-59,nh_black,103,4376200.966842001,0.038834951456310676,True,WTSBAPRP,0.3492267587932843,1.2,2.923266868553888,4.462783835092268,7.772050915407399,13.691391175342174,16.697259921329582
P,2017_2020,n_pfos,LBXNFOS,male,40-59,nh_white,153,25091168.294771,0.0,True,WTSBAPRP,1.5,1.893051725126036,2.6,3.8316340875224983,5.623416555697777,8.0,11.0
P,2017_2020,n_pfos,LBXNFOS,male,40-59,other,22,1502368.163062,0.0,True,WTSBAPRP,0.8319708458912876,1.264059905857727,1.996773589898371,3.477352104862834,4.733323442294498,12.945158872952987,16.241762906724116
P,2017_2020,n_pfos,LBXNFOS,male,60_plus,all,475,32588470.087952998,0.00631578947368421,True,WTSBAPRP,1.2,2.0,3.2,5.2,9.126895647067057,13.004373874048763,16.102801710005092
P,2017_2020,n_pfos,LBXNFOS,male,60_plus,hispanic,94,2887498.98762,0.0,True,WTSBAPRP,0.8,1.4720363127416851,2.2585970757696714,3.601301207735701,5.912148528904494,8.937849785920452,9.584138140799949
P,2017_2020,n_pfos,LBXNFOS,male,60_plus,nh_asian,27,1481020.4652230002,0.0,True,WTSBAPRP,0.8147609150993099,1.060299417847269,4.037297118876177,5.6,14.751711717449888,25.78635947922692,29.762650076687464
P,2017_2020,n_pfos,LBXNFOS,male,60_plus,nh_black,123,2846854.760529,0.016260162601626018,True,WTSBAPRP,1.3146646871317924,2.6033632387534786,3.9,7.693657855769272,13.3,27.7224429243686,50.68395070589788
P,2017_2020,n_pfos,LBXNFOS,male,60_plus,nh_white,210,24277932.24153,0.004761904761904762,True,WTSBAPRP,1.6869144519795312,2.2,3.3,5.3,9.108221571847775,11.526668634708896,14.16097574937625
P,2017_2020,n_pfos,LBXNFOS,male,60_plus,other,21,1095163.6330509998,0.0,True,WTSBAPRP,1.2,1.2,1.6702715550333092,3.6309585333606194,5.209345901557204,7.9161556007070715,10.689016866686126
P,2017_2020,n_pfos,LBXNFOS,male,all_ages,all,1506,133007549.023121,0.005312084993359893,True,WTSBAPRP,1.0,1.3,2.1,3.4,5.6,9.2,11.674789666363838
P,2017_2020,n_pfos,LBXNFOS,male,all_ages,hispanic,336,23203452.803239003,0.002976190476190476,True,WTSBAPRP,0.8,1.2,1.7982369102447886,2.6,4.3,6.1,9.0
P,2017_2020,n_pfos,LBXNFOS,male,all_ages,nh_asian,160,7662843.384061,0.0,True,WTSBAPRP,0.733068432336204,1.0,1.6869564941786501,4.0,7.319111329283802,14.820009848201245,20.812835521949655
P,2017_2020,n_pfos,LBXNFOS,male,all_ages,nh_black,380,14825510.725429,0.015789473684210527,True,WTSBAPRP,0.6704767899054166,1.1,2.0,3.5,6.4,12.800098695260315,16.552534562241117
P,2017_2020,n_pfos,LBXNFOS,male,all_ages,nh_white,547,81558557.174402,0.0018281535648994515,True,WTSBAPRP,1.2,1.6,2.3,3.7,5.9,9.2,10.699135929111266
P,2017_2020,n_pfos,LBXNFOS,male,all_ages,other,83,5757184.93599,0.0,True,WTSBAPRP,0.5159584980449445,1.1,1.5,2.6,4.108975556941807,6.599591711648791,11.601890737371885
P,2017_2020,sb_pfoa,LBXBFOA,all,12-19,all,521,33819853.98283,0.9193857965451055,True,WTSBAPRP,0.07,0.07,0.07,0.07,0.07,0.07,0.1
P,2017_2020,sb_pfoa,LBXBFOA,all,12-19,hispanic,139,8229425.930505999,0.9064748201438849,True,WTSBAPRP,0.07,0.07,0.07,0.07,0.07,0.07,0.1
P,2017_2020,sb_pfoa,LBXBFOA,all,12-19,nh_asian,55,1740809.6824250002,0.8909090909090909,True,WTSBAPRP,0.07,0.07,0.07,0.07,0.07,0.2,0.2
P,2017_2020,sb_pfoa,LBXBFOA,all,12-19,nh_black,128,4688403.523794,0.953125,True,WTSBAPRP,0.07,0.07,0.07,0.07,0.07,0.07,0.07
P,2017_2020,sb_pfoa,LBXBFOA,all,12-19,nh_white,159,17339836.734169997,0.9308176100628931,True,WTSBAPRP,0.07,0.07,0.07,0.07,0.07,0.07,0.1
P,2017_2020,sb_pfoa,LBXBFOA,all,12-19,other,40,1821378.111935,0.85,True,WTSBAPRP,0.07,0.07,0.07,0.07,0.07,0.1,0.25238587393084994
P,2017_2020,sb_pfoa,LBXBFOA,all,20-39,all,769,86628047.652376,0.9466840052015605,True,WTSBAPRP,0.07,0.07,0.07,0.07,0.07,0.07,0.1
P,2017_2020,sb_pfoa,LBXBFOA,all,20-39,hispanic,197,18213063.838244002,0.9390862944162437,True,WTSBAPRP,0.07,0.07,0.07,0.07,0.07,0.07,0.1
P,2017_2020,sb_pfoa,LBXBFOA,all,20-39,nh_asian,97,6305735.191515001,0.9381443298969072,True,WTSBAPRP,0.07,0.07,0.07,0.07,0.07,0.07,0.1
P,2017_2020,sb_pfoa,LBXBFOA,all,20-39,nh_black,206,11280972.031344999,0.9660194174757282,True,WTSBAPRP,0.07,0.07,0.07,0.07,0.07,0.07,0.07
P,2017_2020,sb_pfoa,LBXBFOA,all,20-39,nh_white,226,46117828.980895,0.9469026548672567,True,WTSBAPRP,0.07,0.07,0.07,0.07,0.07,0.07,0.1
P,2017_2020,sb_pfoa,LBXBFOA,all,20-39,other,43,4710447.610377001,0.9069767441860465,True,WTSBAPRP,0.07,0.07,0.07,0.07,0.07,0.07,0.13633026666173703
P,2017_2020,sb_pfoa,LBXBFOA,all,40-59,all,852,82164387.058604,0.9401408450704225,True,WTSBAPRP,0.07,0.07,0.07,0.07,0.07,0.07,0.07
P,2017_2020,sb_pfoa,LBXBFOA,all,40-59,hispanic,191,13726984.912663002,0.9319371727748691,True,WTSBAPRP,0.07,0.07,0.07,0.07,0.07,0.07,0.1
P,2017_2020,sb_pfoa,LBXBFOA,all,40-59,nh_asian,141,5004632.088942001,0.9219858156028369,True,WTSBAPRP,0.07,0.07,0.07,0.07,0.07,0.07,0.2
P,2017_2020,sb_pfoa,LBXBFOA,all,40-59,nh_black,215,9614857.41803,0.9627906976744186,True,WTSBAPRP,0.07,0.07,0.07,0.07,0.07,0.07,0.07
P,2017_2020,sb_pfoa,LBXBFOA,all,40-59,nh_white,263,50844527.524909005,0.9315589353612167,True,WTSBAPRP,0.07,0.07,0.07,0.07,0.07,0.07,0.07
P,2017_2020,sb_pfoa,LBXBFOA,all,40-59,other,42,2973385.11406,0.9761904761904762,True,WTSBAPRP,0.07,0.07,0.07,0.07,0.07,0.07,0.07
P,2017_2020,sb_pfoa,LBXBFOA,all,60_plus,all,930,71657058.321361,0.9376344086021505,True,WTSBAPRP,0.07,0.07,0.07,0.07,0.07,0.07,0.1
P,2017_2020,sb_pfoa,LBXBFOA,all,60_plus,hispanic,188,6464776.9978289995,0.9680851063829787,True,WTSBAPRP,0.07,0.07,0.07,0.07,0.07,0.07,0.07
P,2017_2020,sb_pfoa,LBXBFOA,all,60_plus,nh_asian,69,3266071.129314,0.855072463768116,True,WTSBAPRP,0.07,0.07,0.07,0.07,0.07,0.2,0.2782713906827562
P,2017_2020,sb_pfoa,LBXBFOA,all,60_plus,nh_black,238,6726702.923036,0.9663865546218487,True,WTSBAPRP,0.07,0.07,0.07,0.07,0.07,0.07,0.07
P,2017_2020,sb_pfoa,LBXBFOA,all,60_plus,nh_white,400,53016023.858155996,0.9275,True,WTSBAPRP,0.07,0.07,0.07,0.07,0.07,0.07,0.1
P,2017_2020,sb_pfoa,LBXBFOA,all,60_plus,other,35,2183483.413026,0.8571428571428571,True,WTSBAPRP,0.07,0.07,0.07,0.07,0.07,0.07,0.1
P,2017_2020,sb_pfoa,LBXBFOA,all,all_ages,all,3072,274269347.015171,0.9375,True,WTSBAPRP,0.07,0.07,0.07,0.07,0.07,0.07,0.1
P,2017_2020,sb_pfoa,LBXBFOA,all,all_ages,hispanic,715,46634251.679242,0.9384615384615385,True,WTSBAPRP,0.07,0.07,0.07,0.07,0.07,0.07,0.1
P,2017_2020,sb_pfoa,LBXBFOA,all,all_ages,nh_asian,362,16317248.092195999,0.9088397790055248,True,WTSBAPRP,0.07,0.07,0.07,0.07,0.07,0.07,0.2
P,2017_2020,sb_pfoa,LBXBFOA,all,all_ages,nh_black,787,32310935.896205,0.963151207115629,True,WTSBAPRP,0.07,0.07,0.07,0.07,0.07,0.07,0.07
P,2017_2020,sb_pfoa,LBXBFOA,all,all_ages,nh_white,1048,167318217.09813002,0.933206106870229,True,WTSBAPRP,0.07,0.07,0.07,0.07,0.07,0.07,0.1
P,2017_2020,sb_pfoa,LBXBFOA,all,all_ages,other,160,11688694.249398,0.9,True,WTSBAPRP,0.07,0.07,0.07,0.07,0.07,0.07,0.1
P,2017_2020,sb_pfoa,LBXBFOA,female,12-19,all,250,16521123.015159,0.936,True,WTSBAPRP,0.07,0.07,0.07,0.07,0.07,0.07,0.07
P,2017_2020,sb_pfoa,LBXBFOA,female,12-19,hispanic,70,4025888.9781030007,0.9428571428571428,True,WTSBAPRP,0.07,0.07,0.07,0.07,0.07,0.07,0.07663123981172172
P,2017_2020,sb_pfoa,LBXBFOA,female,12-19,nh_asian,27,932343.8352839999,0.8518518518518519,True,WTSBAPRP,0.07,0.07,0.07,0.07,0.07,0.2,0.2
P,2017_2020,sb_pfoa,LBXBFOA,female,12-19,nh_black,61,2313837.0629879995,0.9508196721311475,True,WTSBAPRP,0.07,0.07,0.07,0.07,0.07,0.07,0.07263813231003807
P,2017_2020,sb_pfoa,LBXBFOA,female,12-19,nh_white,74,8265948.376856001,0.9594594594594594,True,WTSBAPRP,0.07,0.07,0.07,0.07,0.07,0.07,0.07
P,2017_2020,sb_pfoa,LBXBFOA,female,20-39,all,433,43540906.743569,0.9584295612009238,True,WTSBAPRP,0.07,0.07,0.07,0.07,0.07,0.07,0.07
P,2017_2020,sb_pfoa,LBXBFOA,female,20-39,hispanic,109,8934060.931008002,0.9541284403669725,True,WTSBAPRP,0.07,0.07,0.07,0.07,0.07,0.07,0.07
P,2017_2020,sb_pfoa,LBXBFOA,female,20-39,nh_asian,53,3162433.7978529995,0.9245283018867925,True,WTSBAPRP,0.07,0.07,0.07,0.07,0.07,0.07,0.1
P,2017_2020,sb_pfoa,LBXBFOA,female,20-39,nh_black,119,6053083.494093001,0.9831932773109243,True,WTSBAPRP,0.07,0.07,0.07,0.07,0.07,0.07,0.07
P,2017_2020,sb_pfoa,LBXBFOA,female,20-39,nh_white,127,23002260.700108007,0.9606299212598425,True,WTSBAPRP,0.07,0.07,0.07,0.07,0.07,0.07,0.07
P,2017_2020,sb_pfoa,LBXBFOA,female,20-39,other,25,2389067.8205069997,0.92,True,WTSBAPRP,0.07,0.07,0.07,0.07,0.07,0.07,0.09216599787468878
P,2017_2020,sb_pfoa,LBXBFOA,female,40-59,all,428,42131179.999914,0.9439252336448598,True,WTSBAPRP,0.07,0.07,0.07,0.07,0.07,0.07,0.07
P,2017_2020,sb_pfoa,LBXBFOA,female,40-59,hispanic,106,6893570.956683001,0.9433962264150944,True,WTSBAPRP,0.07,0.07,0.07,0.07,0.07,0.07,0.07
P,2017_2020,sb_pfoa,LBXBFOA,female,40-59,nh_asian,80,2774576.4109070003,0.95,True,WTSBAPRP,0.07,0.07,0.07,0.07,0.07,0.07,0.07
P,2017_2020,sb_pfoa,LBXBFOA,female,40-59,nh_black,112,5238656.451188,0.9553571428571429,True,WTSBAPRP,0.07,0.07,0.07,0.07,0.07,0.07,0.09325080701467811
P,2017_2020,sb_pfoa,LBXBFOA,female,40-59,nh_white,110,25753359.230137996,0.9272727272727272,True,WTSBAPRP,0.07,0.07,0.07,0.07,0.07,0.07,0.07898321588373998
P,2017_2020,sb_pfoa,LBXBFOA,female,40-59,other,20,1471016.9509979999,0.95,True,WTSBAPRP,0.07,0.07,0.07,0.07,0.07,0.07,0.07
P,2017_2020,sb_pfoa,LBXBFOA,female,60_plus,all,455,39068588.233408004,0.9384615384615385,True,WTSBAPRP,0.07,0.07,0.07,0.07,0.07,0.07,0.1
P,2017_2020,sb_pfoa,LBXBFOA,female,60_plus,hispanic,94,3577278.010209,0.9680851063829787,True,WTSBAPRP,0.07,0.07,0.07,0.07,0.07,0.07,0.07
P,2017_2020,sb_pfoa,LBXBFOA,female,60_plus,nh_asian,42,1785050.6640909999,0.8333333333333334,True,WTSBAPRP,0.07,0.07,0.07,0.07,0.07,0.23215255866828877,0.6339912160536646
P,2017_2020,sb_pfoa,LBXBFOA,female,60_plus,nh_black,115,3879848.1625069994,0.9739130434782609,True,WTSBAPRP,0.07,0.07,0.07,0.07,0.07,0.07,0.07
P,2017_2020,sb_pfoa,LBXBFOA,female,60_plus,nh_white,190,28738091.616626,0.9315789473684211,True,WTSBAPRP,0.07,0.07,0.07,0.07,0.07,0.07,0.2
P,2017_2020,sb_pfoa,LBXBFOA,female,all_ages,all,1566,141261797.99205,0.9450830140485313,True,WTSBAPRP,0.07,0.07,0.07,0.07,0.07,0.07,0.07
P,2017_2020,sb_pfoa,LBXBFOA,female,all_ages,hispanic,379,23430798.876003,0.9525065963060686,True,WTSBAPRP,0.07,0.07,0.07,0.07,0.07,0.07,0.07
P,2017_2020,sb_pfoa,LBXBFOA,female,all_ages,nh_asian,202,8654404.708135001,0.905940594059406,True,WTSBAPRP,0.07,0.07,0.07,0.07,0.07,0.0868765895992488,0.2
P,2017_2020,sb_pfoa,LBXBFOA,female,all_ages,nh_black,407,17485425.170776002,0.9680589680589681,True,WTSBAPRP,0.07,0.07,0.07,0.07,0.07,0.07,0.07
P,2017_2020,sb_pfoa,LBXBFOA,female,all_ages,nh_white,501,85759659.923728,0.9421157684630739,True,WTSBAPRP,0.07,0.07,0.07,0.07,0.07,0.07,0.07
P,2017_2020,sb_pfoa,LBXBFOA,female,all_ages,other,77,5931509.313408,0.9090909090909091,True,WTSBAPRP,0.07,0.07,0.07,0.07,0.07,0.07,0.1
P,2017_2020,sb_pfoa,LBXBFOA,male,12-19,all,271,17298730.967671,0.9040590405904059,True,WTSBAPRP,0.07,0.07,0.07,0.07,0.07,0.07,0.1
P,2017_2020,sb_pfoa,LBXBFOA,male,12-19,hispanic,69,4203536.952403,0.8695652173913043,True,WTSBAPRP,0.07,0.07,0.07,0.07,0.07,0.07,0.1
P,2017_2020,sb_pfoa,LBXBFOA,male,12-19,nh_asian,28,808465.8471409999,0.9285714285714286,True,WTSBAPRP,0.07,0.07,0.07,0.07,0.07,0.07,0.14294751482646278
P,2017_2020,sb_pfoa,LBXBFOA,male,12-19,nh_black,67,2374566.4608059996,0.9552238805970149,True,WTSBAPRP,0.07,0.07,0.07,0.07,0.07,0.07,0.1026112472387069
P,2017_2020,sb_pfoa,LBXBFOA,male,12-19,nh_white,85,9073888.357313998,0.9058823529411765,True,WTSBAPRP,0.07,0.07,0.07,0.07,0.07,0.07567339945748727,0.1
P,2017_2020,sb_pfoa,LBXBFOA,male,12-19,other,22,838273.3500069999,0.8181818181818182,True,WTSBAPRP,0.07,0.07,0.07,0.07,0.07,0.08919002555263719,0.1
P,2017_2020,sb_pfoa,LBXBFOA,male,20-39,all,336,43087140.908806995,0.9315476190476191,True,WTSBAPRP,0.07,0.07,0.07,0.07,0.07,0.07,0.1421499704175212
P,2017_2020,sb_pfoa,LBXBFOA,male,20-39,hispanic,88,9279002.907235999,0.9204545454545454,True,WTSBAPRP,0.07,0.07,0.07,0.07,0.07,0.07,0.1
P,2017_2020,sb_pfoa,LBXBFOA,male,20-39,nh_asian,44,3143301.393662,0.9545454545454546,True,WTSBAPRP,0.07,0.07,0.07,0.07,0.07,0.07,0.0803223873673836
P,2017_2020,sb_pfoa,LBXBFOA,male,20-39,nh_black,87,5227888.5372520005,0.9425287356321839,True,WTSBAPRP,0.07,0.07,0.07,0.07,0.07,0.07,0.07
P,2017_2020,sb_pfoa,LBXBFOA,male,20-39,nh_white,99,23115568.280787002,0.9292929292929293,True,WTSBAPRP,0.07,0.07,0.07,0.07,0.07,0.1,0.2
P,2017_2020,sb_pfoa,LBXBFOA,male,40-59,all,424,40033207.05869,0.9363207547169812,True,WTSBAPRP,0.07,0.07,0.07,0.07,0.07,0.07,0.1
P,2017_2020,sb_pfoa,LBXBFOA,male,40-59,hispanic,85,6833413.955980001,0.9176470588235294,True,WTSBAPRP,0.07,0.07,0.07,0.07,0.07,0.07,0.1
P,2017_2020,sb_pfoa,LBXBFOA,male,40-59,nh_asian,61,2230055.6780350003,0.8852459016393442,True,WTSBAPRP,0.07,0.07,0.07,0.07,0.07,0.0808009331512324,0.2
P,2017_2020,sb_pfoa,LBXBFOA,male,40-59,nh_black,103,4376200.966842001,0.970873786407767,True,WTSBAPRP,0.07,0.07,0.07,0.07,0.07,0.07,0.07
P,2017_2020,sb_pfoa,LBXBFOA,male,40-59,nh_white,153,25091168.294771,0.934640522875817,True,WTSBAPRP,0.07,0.07,0.07,0.07,0.07,0.07,0.09737667538112993
P,2017_2020,sb_pfoa,LBXBFOA,male,40-59,other,22,1502368.163062,1.0,True,WTSBAPRP,0.07,0.07,0.07,0.07,0.07,0.07,0.07
P,2017_2020,sb_pfoa,LBXBFOA,male,60_plus,all,475,32588470.087952998,0.9368421052631579,True,WTSBAPRP,0.07,0.07,0.07,0.07,0.07,0.07,0.1
P,2017_2020,sb_pfoa,LBXBFOA,male,60_plus,hispanic,94,2887498.98762,0.9680851063829787,True,WTSBAPRP,0.07,0.07,0.07,0.07,0.07,0.07,0.07
P,2017_2020,sb_pfoa,LBXBFOA,male,60_plus,nh_asian,27,1481020.4652230002,0.8888888888888888,True,WTSBAPRP,0.07,0.07,0.07,0.07,0.07,0.18091214998273403,0.2
P,2017_2020,sb_pfoa,LBXBFOA,male,60_plus,nh_black,123,2846854.760529,0.959349593495935,True,WTSBAPRP,0.07,0.07,0.07,0.07,0.07,0.07,0.08484813404040631
P,2017_2020,sb_pfoa,LBXBFOA,male,60_plus,nh_white,210,24277932.24153,0.9238095238095239,True,WTSBAPRP,0.07,0.07,0.07,0.07,0.07,0.07,0.1
P,2017_2020,sb_pfoa,LBXBFOA,male,60_plus,other,21,1095163.6330509998,0.8571428571428571,True,WTSBAPRP,0.07,0.07,0.07,0.07,0.07,0.07,0.1
P,2017_2020,sb_pfoa,LBXBFOA,male,all_ages,all,1506,133007549.023121,0.9296148738379814,True,WTSBAPRP,0.07,0.07,0.07,0.07,0.07,0.07,0.1
P,2017_2020,sb_pfoa,LBXBFOA,male,all_ages,hispanic,336,23203452.803239003,0.9226190476190477,True,WTSBAPRP,0.07,0.07,0.07,0.07,0.07,0.07,0.1
P,2017_2020,sb_pfoa,LBXBFOA,male,all_ages,nh_asian,160,7662843.384061,0.9125,True,WTSBAPRP,0.07,0.07,0.07,0.07,0.07,0.07,0.16898406597511673
P,2017_2020,sb_pfoa,LBXBFOA,male,all_ages,nh_black,380,14825510.725429,0.9578947368421052,True,WTSBAPRP,0.07,0.07,0.07,0.07,0.07,0.07,0.07
P,2017_2020,sb_pfoa,LBXBFOA,male,all_ages,nh_white,547,81558557.174402,0.9250457038391224,True,WTSBAPRP,0.07,0.07,0.07,0.07,0.07,0.07,0.1
P,2017_2020,sb_pfoa,LBXBFOA,male,all_ages,other,83,5757184.93599,0.891566265060241,True,WTSBAPRP,0.07,0.07,0.07,0.07,0.07,0.07,0.1
P,2017_2020,sm_pfos,LBXMFOS,all,12-19,all,521,33819853.98283,0.003838771593090211,True,WTSBAPRP,0.3,0.3,0.4,0.6,0.9,1.5,2.030723505766754
P,2017_2020,sm_pfos,LBXMFOS,all,12-19,hispanic,139,8229425.930505999,0.0,True,WTSBAPRP,0.3,0.3,0.4,0.5,0.7,1.1,1.4675217176368986
P,2017_2020,sm_pfos,LBXMFOS,all,12-19,nh_asian,55,1740809.6824250002,0.0,True,WTSBAPRP,0.3,0.3,0.4,0.6,0.8949793267284332,1.4,2.068671315313964
P,2017_2020,sm_pfos,LBXMFOS,all,12-19,nh_black,128,4688403.523794,0.015625,True,WTSBAPRP,0.2,0.3,0.39179873552994593,0.5,0.7,1.0,1.964499128778529
P,2017_2020,sm_pfos,LBXMFOS,all,12-19,nh_white,159,17339836.734169997,0.0,True,WTSBAPRP,0.27858675521849807,0.3246199565814994,0.5,0.7,1.0419750260760223,1.790844008680893,2.29626195125901
P,2017_2020,sm_pfos,LBXMFOS,all,12-19,other,40,1821378.111935,0.0,True,WTSBAPRP,0.3891514321227723,0.4,0.4,0.5389602325029652,0.9,1.334491895612749,1.4
P,2017_2020,sm_pfos,LBXMFOS,all,20-39,all,769,86628047.652376,0.01950585175552666,True,WTSBAPRP,0.2,0.3,0.5,0.9,1.4,2.2,2.8843974814992053
P,2017_2020,sm_pfos,LBXMFOS,all,20-39,hispanic,197,18213063.838244002,0.01015228426395939,True,WTSBAPRP,0.2,0.3,0.4,0.7,1.1,1.750251050141519,2.1188882396154254
P,2017_2020,sm_pfos,LBXMFOS,all,20-39,nh_asian,97,6305735.191515001,0.010309278350515464,True,WTSBAPRP,0.2,0.3,0.4,0.8,1.4,2.5,3.2619631987147746
P,2017_2020,sm_pfos,LBXMFOS,all,20-39,nh_black,206,11280972.031344999,0.043689320388349516,True,WTSBAPRP,0.1,0.2,0.3,0.6,1.2,1.7,2.2
P,2017_2020,sm_pfos,LBXMFOS,all,20-39,nh_white,226,46117828.980895,0.004424778761061947,True,WTSBAPRP,0.3,0.4,0.6,0.9,1.6,2.3,3.225272455175778
P,2017_2020,sm_pfos,LBXMFOS,all,20-39,other,43,4710447.610377001,0.046511627906976744,True,WTSBAPRP,0.2,0.2,0.5,0.8,1.4237297940326474,1.94636924562932,3.7499364675291615
P,2017_2020,sm_pfos,LBXMFOS,all,40-59,all,852,82164387.058604,0.015258215962441314,True,WTSBAPRP,0.3,0.4,0.7,1.3,2.0,3.2,3.8
P,2017_2020,sm_pfos,LBXMFOS,all,40-59,hispanic,191,13726984.912663002,0.005235602094240838,True,WTSBAPRP,0.22537838330015483,0.3,0.6,1.1,1.8,2.8038247319590526,3.2
P,2017_2020,sm_pfos,LBXMFOS,all,40-59,nh_asian,141,5004632.088942001,0.02127659574468085,True,WTSBAPRP,0.3,0.4,0.6,1.0,1.746841925703109,3.2416489571949767,4.025299941631729
P,2017_2020,sm_pfos,LBXMFOS,all,40-59,nh_black,215,9614857.41803,0.03255813953488372,True,WTSBAPRP,0.2,0.4,0.6,1.1,2.2,3.563130474865973,4.5455552276437095
P,2017_2020,sm_pfos,LBXMFOS,all,40-59,nh_white,263,50844527.524909005,0.0076045627376425855,True,WTSBAPRP,0.4,0.4,0.8,1.4,2.1702490131306416,3.2,3.808843577025701
P,2017_2020,sm_pfos,LBXMFOS,all,40-59,other,42,2973385.11406,0.0,True,WTSBAPRP,0.4,0.5,1.0,1.3,1.5821679833930804,2.3561029692072304,3.35312496349855
P,2017_2020,sm_pfos,LBXMFOS,all,60_plus,all,930,71657058.321361,0.011827956989247311,True,WTSBAPRP,0.5,0.7798975264021472,1.2,2.2,3.4,5.2,6.6
P,2017_2020,sm_pfos,LBXMFOS,all,60_plus,hispanic,188,6464776.9978289995,0.010638297872340425,True,WTSBAPRP,0.6,0.7,0.9,1.4,2.4,3.8609721788996496,4.9
P,2017_2020,sm_pfos,LBXMFOS,all,60_plus,nh_asian,69,3266071.129314,0.014492753623188406,True,WTSBAPRP,0.6,0.7,1.2,1.8,3.7658742627632535,4.976569636116716,5.773759019347852
P,2017_2020,sm_pfos,LBXMFOS,all,60_plus,nh_black,238,6726702.923036,0.01680672268907563,True,WTSBAPRP,0.7,0.9,1.5,2.6,4.2,6.6,7.9
P,2017_2020,sm_pfos,LBXMFOS,all,60_plus,nh_white,400,53016023.858155996,0.01,True,WTSBAPRP,0.5,0.8,1.3,2.3,3.5,5.295680099819081,6.657209487751912
P,2017_2020,sm_pfos,LBXMFOS,all,60_plus,other,35,2183483.413026,0.0,True,WTSBAPRP,0.4,0.4303598941667136,1.6,2.0,2.524535660421533,3.279283296944371,3.5023377249895185
P,2017_2020,sm_pfos,LBXMFOS,all,all_ages,all,3072,274269347.015171,0.013346354166666666,True,WTSBAPRP,0.3,0.4,0.6,1.2,2.1,3.4,4.5
P,2017_2020,sm_pfos,LBXMFOS,all,all_ages,hispanic,715,46634251.679242,0.006993006993006993,True,WTSBAPRP,0.3,0.3,0.5,0.8,1.4,2.3,3.0837531708012555
P,2017_2020,sm_pfos,LBXMFOS,all,all_ages,nh_asian,362,16317248.092195999,0.013812154696132596,True,WTSBAPRP,0.3,0.3,0.5,1.0,1.7,3.3419902086016364,4.683031092076955
P,2017_2020,sm_pfos,LBXMFOS,all,all_ages,nh_black,787,32310935.896205,0.02795425667090216,True,WTSBAPRP,0.2,0.3,0.5,0.9,2.0,3.6357393157469815,5.2
P,2017_2020,sm_pfos,LBXMFOS,all,all_ages,nh_white,1048,167318217.09813002,0.006679389312977099,True,WTSBAPRP,0.3,0.5,0.8,1.3,2.3,3.6,4.7
P,2017_2020,sm_pfos,LBXMFOS,all,all_ages,other,160,11688694.249398,0.0125,True,WTSBAPRP,0.2,0.4,0.5,1.0,1.6,2.5,3.4662175380072564
P,2017_2020,sm_pfos,LBXMFOS,female,12-19,all,250,16521123.015159,0.008,True,WTSBAPRP,0.2,0.3,0.4,0.5,0.7,1.1823026139948274,2.12571457562143
P,2017_2020,sm_pfos,LBXMFOS,female,12-19,hispanic,70,4025888.9781030007,0.0,True,WTSBAPRP,0.2,0.3,0.4,0.5,0.6,0.8,0.9
P,2017_2020,sm_pfos,LBXMFOS,female,12-19,nh_asian,27,932343.8352839999,0.0,True,WTSBAPRP,0.3,0.3,0.32731362155888355,0.4,0.6123638125918186,0.7891867390411154,1.68747004940107
P,2017_2020,sm_pfos,LBXMFOS,female,12-19,nh_black,61,2313837.0629879995,0.03278688524590164,True,WTSBAPRP,0.1,0.2,0.3,0.4,0.5715167174344095,0.7,0.8
P,2017_2020,sm_pfos,LBXMFOS,female,12-19,nh_white,74,8265948.376856001,0.0,True,WTSBAPRP,0.2,0.25061136569137255,0.4,0.6,0.9,2.1087768514564935,3.9757889145317753
P,2017_2020,sm_pfos,LBXMFOS,female,20-39,all,433,43540906.743569,0.018475750577367205,True,WTSBAPRP,0.2,0.3,0.4,0.6,0.9,1.3,1.7
P,2017_2020,sm_pfos,LBXMFOS,female,20-39,hispanic,109,8934060.931008002,0.0,True,WTSBAPRP,0.2,0.2,0.3,0.5,0.6,1.0,1.2539656832002009
P,2017_2020,sm_pfos,LBXMFOS,female,20-39,nh_asian,53,3162433.7978529995,0.018867924528301886,True,WTSBAPRP,0.2,0.2,0.3,0.5018115078235899,0.8576876596923387,1.3473741850043637,1.5671203675572651
P,2017_2020,sm_pfos,LBXMFOS,female,20-39,nh_black,119,6053083.494093001,0.03361344537815126,True,WTSBAPRP,0.1,0.2,0.3,0.5,0.7,1.1188983724221064,1.2
P,2017_2020,sm_pfos,LBXMFOS,female,20-39,nh_white,127,23002260.700108007,0.007874015748031496,True,WTSBAPRP,0.3,0.3,0.5,0.7943331631655702,1.0552416950485335,1.5077420678425262,2.0640507010295295
P,2017_2020,sm_pfos,LBXMFOS,female,20-39,other,25,2389067.8205069997,0.08,True,WTSBAPRP,0.2,0.2127715474019595,0.364241943536436,0.6817679595086714,0.8,1.443523543526455,1.8954587456579703
P,2017_2020,sm_pfos,LBXMFOS,female,40-59,all,428,42131179.999914,0.014018691588785047,True,WTSBAPRP,0.2,0.3,0.5,0.8,1.5,2.3,2.8
P,2017_2020,sm_pfos,LBXMFOS,female,40-59,hispanic,106,6893570.956683001,0.009433962264150943,True,WTSBAPRP,0.2,0.2339868263137095,0.4,0.6,1.1,1.8,2.49699812747708
P,2017_2020,sm_pfos,LBXMFOS,female,40-59,nh_asian,80,2774576.4109070003,0.025,True,WTSBAPRP,0.22602768048173555,0.3,0.4,0.7,1.1788959292206265,2.4901009751277776,3.8337286292338257
P,2017_2020,sm_pfos,LBXMFOS,female,40-59,nh_black,112,5238656.451188,0.017857142857142856,True,WTSBAPRP,0.2,0.3,0.5,0.8,1.1,2.362694868855219,3.214606364054824
P,2017_2020,sm_pfos,LBXMFOS,female,40-59,nh_white,110,25753359.230137996,0.00909090909090909,True,WTSBAPRP,0.3,0.4,0.5,0.9,1.6,2.3,2.8453291487888657
P,2017_2020,sm_pfos,LBXMFOS,female,40-59,other,20,1471016.9509979999,0.0,True,WTSBAPRP,0.33782254996952726,0.4,0.5,1.2012744126656345,1.3,1.4480907177378919,1.7079397814700452
P,2017_2020,sm_pfos,LBXMFOS,female,60_plus,all,455,39068588.233408004,0.006593406593406593,True,WTSBAPRP,0.5,0.7,1.1,1.9,2.8105570108026563,5.001428626288298,5.8850192390942135
P,2017_2020,sm_pfos,LBXMFOS,female,60_plus,hispanic,94,3577278.010209,0.0,True,WTSBAPRP,0.6,0.7,0.9,1.2,2.0,3.590749389544763,4.52491176467951
P,2017_2020,sm_pfos,LBXMFOS,female,60_plus,nh_asian,42,1785050.6640909999,0.0,True,WTSBAPRP,0.5555403373556543,0.6669898486716668,1.1,1.7,2.6906146277085616,4.252690280695053,5.193864151199982
P,2017_2020,sm_pfos,LBXMFOS,female,60_plus,nh_black,115,3879848.1625069994,0.008695652173913044,True,WTSBAPRP,0.7,0.9,1.4,2.4,4.571125237162583,6.6,7.412444879409386
P,2017_2020,sm_pfos,LBXMFOS,female,60_plus,nh_white,190,28738091.616626,0.010526315789473684,True,WTSBAPRP,0.4160247022330618,0.7,1.2,2.0,2.8,4.837871690788178,5.656351690851008
P,2017_2020,sm_pfos,LBXMFOS,female,all_ages,all,1566,141261797.99205,0.012132822477650063,True,WTSBAPRP,0.2,0.3,0.5,0.8,1.6,2.7193918253568716,3.8
P,2017_2020,sm_pfos,LBXMFOS,female,all_ages,hispanic,379,23430798.876003,0.002638522427440633,True,WTSBAPRP,0.2,0.3,0.4,0.5374436703210076,0.9,1.5379129935819897,2.14070825954358
P,2017_2020,sm_pfos,LBXMFOS,female,all_ages,nh_asian,202,8654404.708135001,0.01485148514851485,True,WTSBAPRP,0.2,0.3,0.4,0.7,1.3,2.6,3.8312988717847114
P,2017_2020,sm_pfos,LBXMFOS,female,all_ages,nh_black,407,17485425.170776002,0.022113022113022112,True,WTSBAPRP,0.2,0.20932071230823193,0.4,0.7,1.3,3.2,5.1
P,2017_2020,sm_pfos,LBXMFOS,female,all_ages,nh_white,501,85759659.923728,0.007984031936127744,True,WTSBAPRP,0.3,0.4,0.6,1.0,1.9,2.9,4.0
P,2017_2020,sm_pfos,LBXMFOS,female,all_ages,other,77,5931509.313408,0.025974025974025976,True,WTSBAPRP,0.24008015758752213,0.3,0.4,0.8,1.3,2.458741996610874,3.0622001178547733
P,2017_2020,sm_pfos,LBXMFOS,male,12-19,all,271,17298730.967671,0.0,True,WTSBAPRP,0.3,0.4,0.5,0.7,1.1,1.611550218821279,2.0
P,2017_2020,sm_pfos,LBXMFOS,male,12-19,hispanic,69,4203536.952403,0.0,True,WTSBAPRP,0.3,0.4,0.5,0.6,0.9724878396713588,1.3835609076850326,2.065208858586566
P,2017_2020,sm_pfos,LBXMFOS,male,12-19,nh_asian,28,808465.8471409999,0.0,True,WTSBAPRP,0.4,0.4,0.5,0.7,1.0546616372500954,1.9065860294003343,2.586190757407561
P,2017_2020,sm_pfos,LBXMFOS,male,12-19,nh_black,67,2374566.4608059996,0.0,True,WTSBAPRP,0.3,0.3,0.5,0.6,0.9,1.9288918211722907,2.16861259064882
P,2017_2020,sm_pfos,LBXMFOS,male,12-19,nh_white,85,9073888.357313998,0.0,True,WTSBAPRP,0.4,0.4,0.6,0.8,1.1,1.6530951401724998,2.0
P,2017_2020,sm_pfos,LBXMFOS,male,12-19,other,22,838273.3500069999,0.0,True,WTSBAPRP,0.3292099198336769,0.3933829998379215,0.40472438453929277,0.7,1.0956244933583987,1.427661953081297,1.596478429403458
P,2017_2020,sm_pfos,LBXMFOS,male,20-39,all,336,43087140.908806995,0.020833333333333332,True,WTSBAPRP,0.3,0.5,0.8,1.2,1.9,2.7,3.4
P,2017_2020,sm_pfos,LBXMFOS,male,20-39,hispanic,88,9279002.907235999,0.022727272727272728,True,WTSBAPRP,0.3,0.38468552149743496,0.8,1.0,1.6,2.096799407520939,2.4
P,2017_2020,sm_pfos,LBXMFOS,male,20-39,nh_asian,44,3143301.393662,0.0,True,WTSBAPRP,0.35328529825266863,0.4,0.7324196775783988,1.2705843082001453,2.0116051076071417,3.2,4.941110929611147
P,2017_2020,sm_pfos,LBXMFOS,male,20-39,nh_black,87,5227888.5372520005,0.05747126436781609,True,WTSBAPRP,0.09019127665142491,0.3,0.6,1.1,1.7,2.2,2.7
P,2017_2020,sm_pfos,LBXMFOS,male,20-39,nh_white,99,23115568.280787002,0.0,True,WTSBAPRP,0.4,0.7,0.9,1.3,2.2,3.2240721554547145,3.5484359467874858
P,2017_2020,sm_pfos,LBXMFOS,male,40-59,all,424,40033207.05869,0.01650943396226415,True,WTSBAPRP,0.7,0.8,1.2,1.7836882758708372,2.7,3.6,4.6
P,2017_2020,sm_pfos,LBXMFOS,male,40-59,hispanic,85,6833413.955980001,0.0,True,WTSBAPRP,0.6,0.7,1.1,1.6,2.5577154017440016,3.2,3.535460665233015
P,2017_2020,sm_pfos,LBXMFOS,male,40-59,nh_asian,61,2230055.6780350003,0.01639344262295082,True,WTSBAPRP,0.6,0.6,0.9,1.6,2.2,3.665383276342836,5.831420760850172
P,2017_2020,sm_pfos,LBXMFOS,male,40-59,nh_black,103,4376200.966842001,0.04854368932038835,True,WTSBAPRP,0.1387684660697593,0.7,1.1615854528736207,1.801758776511289,2.6684655125258385,4.393402634349447,5.4956180685593745
P,2017_2020,sm_pfos,LBXMFOS,male,40-59,nh_white,153,25091168.294771,0.006535947712418301,True,WTSBAPRP,0.8,0.9,1.3,1.8,2.9,3.6,4.6
P,2017_2020,sm_pfos,LBXMFOS,male,40-59,other,22,1502368.163062,0.0,True,WTSBAPRP,0.8795839133308241,1.0,1.0770433972970246,1.5265246650852362,2.3,3.339307047478897,4.160053504066314
P,2017_2020,sm_pfos,LBXMFOS,male,60_plus,all,475,32588470.087952998,0.016842105263157894,True,WTSBAPRP,0.6,0.9,1.6,2.7,3.9,5.9,6.796540206568464
P,2017_2020,sm_pfos,LBXMFOS,male,60_plus,hispanic,94,2887498.98762,0.02127659574468085,True,WTSBAPRP,0.3722733217291918,0.6,1.0,1.7,3.0,4.2,5.7140325204936975
P,2017_2020,sm_pfos,LBXMFOS,male,60_plus,nh_asian,27,1481020.4652230002,0.037037037037037035,True,WTSBAPRP,0.6072829870052399,0.7,1.2,2.0352798037215267,4.607743523738466,5.485216430320972,6.192019119630147
P,2017_2020,sm_pfos,LBXMFOS,male,60_plus,nh_black,123,2846854.760529,0.024390243902439025,True,WTSBAPRP,0.6264986933874888,0.9863200918854187,1.8,2.9,4.172054101571075,6.7634931187650755,8.063392929870258
P,2017_2020,sm_pfos,LBXMFOS,male,60_plus,nh_white,210,24277932.24153,0.009523809523809525,True,WTSBAPRP,0.7586714223350318,1.1,1.8,2.8,4.070886335302229,6.044352384020651,6.970141470702282
P,2017_2020,sm_pfos,LBXMFOS,male,60_plus,other,21,1095163.6330509998,0.0,True,WTSBAPRP,0.4,0.4,0.7270287400444128,1.7,2.137384565808985,2.8,3.879158614452001
P,2017_2020,sm_pfos,LBXMFOS,male,all_ages,all,1506,133007549.023121,0.014608233731739707,True,WTSBAPRP,0.4,0.6,0.9,1.5,2.6,3.7,5.1
P,2017_2020,sm_pfos,LBXMFOS,male,all_ages,hispanic,336,23203452.803239003,0.011904761904761904,True,WTSBAPRP,0.3,0.5,0.7,1.1026642255714245,1.8,2.9,3.2102666738924075
P,2017_2020,sm_pfos,LBXMFOS,male,all_ages,nh_asian,160,7662843.384061,0.0125,True,WTSBAPRP,0.4,0.5059439230794863,0.8,1.4,2.2,4.137113514776425,5.6449294661866745
P,2017_2020,sm_pfos,LBXMFOS,male,all_ages,nh_black,380,14825510.725429,0.034210526315789476,True,WTSBAPRP,0.2,0.3,0.7,1.5,2.4,3.9,5.421853352973496
P,2017_2020,sm_pfos,LBXMFOS,male,all_ages,nh_white,547,81558557.174402,0.005484460694698354,True,WTSBAPRP,0.5,0.7,1.002094846999759,1.8,2.9,4.1,5.494028509509379
P,2017_2020,sm_pfos,LBXMFOS,male,all_ages,other,83,5757184.93599,0.0,True,WTSBAPRP,0.20793970850855487,0.4,0.7218440521137806,1.4,1.7,2.8,3.767051082058774
